,Date,Open,High,Low,Close,Adj Close,Volume,Ticker
AAPL,2020-01-02,74.05999755859375,75.1500015258789,73.79750061035156,75.0875015258789,72.96046447753906,135480400,AAPL
AAPL,2020-01-03,74.2874984741211,75.1449966430664,74.125,74.35749816894531,72.25114440917969,146322800,AAPL
AAPL,2020-01-06,73.44750213623047,74.98999786376953,73.1875,74.94999694824219,72.82685852050781,118387200,AAPL
AAPL,2020-01-07,74.95999908447266,75.2249984741211,74.37000274658203,74.59750366210938,72.48433685302734,108872000,AAPL
AAPL,2020-01-08,74.29000091552734,76.11000061035156,74.29000091552734,75.79750061035156,73.65034484863281,132079200,AAPL
AAPL,2020-01-09,76.80999755859375,77.60749816894531,76.55000305175781,77.40750122070312,75.21473693847656,170108400,AAPL
AAPL,2020-01-10,77.6500015258789,78.1675033569336,77.0625,77.5824966430664,75.384765625,140644800,AAPL
AAPL,2020-01-13,77.91000366210938,79.26750183105469,77.7874984741211,79.23999786376953,76.99533081054688,121532000,AAPL
AAPL,2020-01-14,79.17500305175781,79.39250183105469,78.0425033569336,78.16999816894531,75.95565795898438,161954400,AAPL
AAPL,2020-01-15,77.9625015258789,78.875,77.38749694824219,77.83499908447266,75.63011169433594,121923600,AAPL
AAPL,2020-01-16,78.39749908447266,78.92500305175781,78.02249908447266,78.80999755859375,76.57752227783203,108829200,AAPL
AAPL,2020-01-17,79.06749725341797,79.68499755859375,78.75,79.68250274658203,77.42530822753906,137816400,AAPL
AAPL,2020-01-21,79.29750061035156,79.75499725341797,79.0,79.14250183105469,76.90060424804688,110843200,AAPL
AAPL,2020-01-22,79.6449966430664,79.99749755859375,79.32749938964844,79.42500305175781,77.17509460449219,101832400,AAPL
AAPL,2020-01-23,79.4800033569336,79.88999938964844,78.9124984741211,79.80750274658203,77.5467529296875,104472000,AAPL
AAPL,2020-01-24,80.0625,80.8324966430664,79.37999725341797,79.57749938964844,77.3232650756836,146537600,AAPL
AAPL,2020-01-27,77.51499938964844,77.94249725341797,76.22000122070312,77.23750305175781,75.04956817626953,161940000,AAPL
AAPL,2020-01-28,78.1500015258789,79.5999984741211,78.04750061035156,79.42250061035156,77.17266845703125,162234000,AAPL
AAPL,2020-01-29,81.11250305175781,81.9625015258789,80.34500122070312,81.08499908447266,78.7880630493164,216229200,AAPL
AAPL,2020-01-30,80.13500213623047,81.02249908447266,79.6875,80.96749877929688,78.67388916015625,126743200,AAPL
AAPL,2020-01-31,80.23249816894531,80.66999816894531,77.07250213623047,77.37750244140625,75.18558502197266,199588400,AAPL
AAPL,2020-02-03,76.07499694824219,78.37249755859375,75.55500030517578,77.16500091552734,74.97909545898438,173788400,AAPL
AAPL,2020-02-04,78.82749938964844,79.91000366210938,78.40750122070312,79.7125015258789,77.45443725585938,136616400,AAPL
AAPL,2020-02-05,80.87999725341797,81.19000244140625,79.73750305175781,80.36250305175781,78.08604431152344,118826800,AAPL
AAPL,2020-02-06,80.64250183105469,81.30500030517578,80.06500244140625,81.30249786376953,78.9994125366211,105425600,AAPL
AAPL,2020-02-07,80.59249877929688,80.8499984741211,79.5,80.00749969482422,77.92559051513672,117684000,AAPL
AAPL,2020-02-10,78.54499816894531,80.38749694824219,78.4625015258789,80.38749694824219,78.29571533203125,109348800,AAPL
AAPL,2020-02-11,80.9000015258789,80.9749984741211,79.67749786376953,79.90249633789062,77.82332611083984,94323200,AAPL
AAPL,2020-02-12,80.36750030517578,81.80500030517578,80.36750030517578,81.80000305175781,79.67145538330078,113730400,AAPL
AAPL,2020-02-13,81.04750061035156,81.55500030517578,80.8375015258789,81.21749877929688,79.1041030883789,94747600,AAPL
AAPL,2020-02-14,81.18499755859375,81.49500274658203,80.7125015258789,81.23750305175781,79.12359619140625,80113600,AAPL
AAPL,2020-02-18,78.83999633789062,79.9375,78.65249633789062,79.75,77.67479705810547,152531200,AAPL
AAPL,2020-02-19,80.0,81.14250183105469,80.0,80.90499877929688,78.79974365234375,93984000,AAPL
AAPL,2020-02-20,80.65750122070312,81.1624984741211,79.55249786376953,80.07499694824219,77.9913330078125,100566000,AAPL
AAPL,2020-02-21,79.65499877929688,80.11250305175781,77.625,78.26249694824219,76.22599029541016,129554000,AAPL
AAPL,2020-02-24,74.31500244140625,76.04499816894531,72.30750274658203,74.54499816894531,72.60523223876953,222195200,AAPL
AAPL,2020-02-25,75.23750305175781,75.63249969482422,71.53250122070312,72.0199966430664,70.14592742919922,230673600,AAPL
AAPL,2020-02-26,71.63249969482422,74.47000122070312,71.625,73.1624984741211,71.25872039794922,198054800,AAPL
AAPL,2020-02-27,70.2750015258789,71.5,68.23999786376953,68.37999725341797,66.60063934326172,320605600,AAPL
AAPL,2020-02-28,64.31500244140625,69.60250091552734,64.09249877929688,68.33999633789062,66.56168365478516,426510000,AAPL
AAPL,2020-03-02,70.56999969482422,75.36000061035156,69.43000030517578,74.70249938964844,72.75863647460938,341397200,AAPL
AAPL,2020-03-03,75.9175033569336,76.0,71.44999694824219,72.33000183105469,70.44786834716797,319475600,AAPL
AAPL,2020-03-04,74.11000061035156,75.8499984741211,73.28250122070312,75.68499755859375,73.715576171875,219178400,AAPL
AAPL,2020-03-05,73.87999725341797,74.88749694824219,72.85250091552734,73.2300033569336,71.32445526123047,187572800,AAPL
AAPL,2020-03-06,70.5,72.70500183105469,70.30750274658203,72.25749969482422,70.37725067138672,226176800,AAPL
AAPL,2020-03-09,65.9375,69.52249908447266,65.75,66.5425033569336,64.81097412109375,286744800,AAPL
AAPL,2020-03-10,69.28500366210938,71.61000061035156,67.34249877929688,71.33499908447266,69.47877502441406,285290000,AAPL
AAPL,2020-03-11,69.34750366210938,70.30500030517578,67.96499633789062,68.85749816894531,67.06574249267578,255598800,AAPL
AAPL,2020-03-12,63.98500061035156,67.5,62.0,62.057498931884766,60.44267272949219,418474000,AAPL
AAPL,2020-03-13,66.22250366210938,69.9800033569336,63.23749923706055,69.49250030517578,67.68421173095703,370732000,AAPL
AAPL,2020-03-16,60.48749923706055,64.7699966430664,60.0,60.5525016784668,58.97684097290039,322423600,AAPL
AAPL,2020-03-17,61.877498626708984,64.40249633789062,59.599998474121094,63.21500015258789,61.57006072998047,324056000,AAPL
AAPL,2020-03-18,59.942501068115234,62.5,59.279998779296875,61.66749954223633,60.06283187866211,300233600,AAPL
AAPL,2020-03-19,61.84749984741211,63.209999084472656,60.65250015258789,61.19499969482422,59.60261535644531,271857200,AAPL
AAPL,2020-03-20,61.79499816894531,62.95750045776367,57.0,57.310001373291016,55.818721771240234,401693200,AAPL
AAPL,2020-03-23,57.02000045776367,57.125,53.15250015258789,56.092498779296875,54.63288497924805,336752800,AAPL
AAPL,2020-03-24,59.09000015258789,61.92250061035156,58.57500076293945,61.720001220703125,60.11396026611328,287531200,AAPL
AAPL,2020-03-25,62.6875,64.5625,61.07500076293945,61.380001068115234,59.78281021118164,303602000,AAPL
AAPL,2020-03-26,61.630001068115234,64.66999816894531,61.59000015258789,64.61000061035156,62.92876434326172,252087200,AAPL
AAPL,2020-03-27,63.1875,63.967498779296875,61.76250076293945,61.935001373291016,60.323368072509766,204216800,AAPL
AAPL,2020-03-30,62.685001373291016,63.880001068115234,62.349998474121094,63.70249938964844,62.04487228393555,167976400,AAPL
AAPL,2020-03-31,63.900001525878906,65.62249755859375,63.0,63.5724983215332,61.91824722290039,197002000,AAPL
AAPL,2020-04-01,61.625,62.18000030517578,59.782501220703125,60.227500915527344,58.66029739379883,176218400,AAPL
AAPL,2020-04-02,60.084999084472656,61.287498474121094,59.224998474121094,61.23249816894531,59.63914489746094,165934000,AAPL
AAPL,2020-04-03,60.70000076293945,61.42499923706055,59.74250030517578,60.352500915527344,58.782047271728516,129880000,AAPL
AAPL,2020-04-06,62.724998474121094,65.77749633789062,62.345001220703125,65.61750030517578,63.9100227355957,201820400,AAPL
AAPL,2020-04-07,67.69999694824219,67.92500305175781,64.75,64.85749816894531,63.16981887817383,202887200,AAPL
AAPL,2020-04-08,65.68499755859375,66.84249877929688,65.30750274658203,66.51750183105469,64.78662872314453,168895200,AAPL
AAPL,2020-04-09,67.17500305175781,67.51750183105469,66.17500305175781,66.99749755859375,65.2541275024414,161834800,AAPL
AAPL,2020-04-13,67.07749938964844,68.42500305175781,66.4574966430664,68.3125,66.53490447998047,131022800,AAPL
AAPL,2020-04-14,70.0,72.0625,69.51249694824219,71.76249694824219,69.89513397216797,194994800,AAPL
AAPL,2020-04-15,70.5999984741211,71.5824966430664,70.15750122070312,71.10749816894531,69.25717163085938,131154400,AAPL
AAPL,2020-04-16,71.84500122070312,72.05000305175781,70.5875015258789,71.67250061035156,69.8074722290039,157125200,AAPL
AAPL,2020-04-17,71.17250061035156,71.73750305175781,69.21499633789062,70.69999694824219,68.86029815673828,215250000,AAPL
AAPL,2020-04-20,69.48750305175781,70.41999816894531,69.2125015258789,69.23249816894531,67.43096923828125,130015200,AAPL
AAPL,2020-04-21,69.06999969482422,69.3125,66.35749816894531,67.09249877929688,65.34666442871094,180991600,AAPL
AAPL,2020-04-22,68.40249633789062,69.4749984741211,68.05000305175781,69.0250015258789,67.2288818359375,116862400,AAPL
AAPL,2020-04-23,68.96749877929688,70.4375,68.71749877929688,68.75749969482422,66.96833801269531,124814400,AAPL
AAPL,2020-04-24,69.30000305175781,70.75250244140625,69.25,70.74250030517578,68.90167999267578,126161200,AAPL
AAPL,2020-04-27,70.44999694824219,71.13500213623047,69.98750305175781,70.7925033569336,68.95037841796875,117087600,AAPL
AAPL,2020-04-28,71.2699966430664,71.4574966430664,69.55000305175781,69.6449966430664,67.8327407836914,112004800,AAPL
AAPL,2020-04-29,71.18250274658203,72.4175033569336,70.97250366210938,71.93250274658203,70.06071472167969,137280800,AAPL
AAPL,2020-04-30,72.48999786376953,73.63249969482422,72.0875015258789,73.44999694824219,71.53873443603516,183064000,AAPL
AAPL,2020-05-01,71.5625,74.75,71.4625015258789,72.26750183105469,70.3869857788086,240616800,AAPL
AAPL,2020-05-04,72.2925033569336,73.42250061035156,71.58000183105469,73.29000091552734,71.38288879394531,133568000,AAPL
AAPL,2020-05-05,73.76499938964844,75.25,73.61499786376953,74.38999938964844,72.45427703857422,147751200,AAPL
AAPL,2020-05-06,75.11499786376953,75.80999755859375,74.71749877929688,75.15750122070312,73.2018051147461,142333600,AAPL
AAPL,2020-05-07,75.80500030517578,76.2925033569336,75.49250030517578,75.93499755859375,73.95905303955078,115215200,AAPL
AAPL,2020-05-08,76.41000366210938,77.5875015258789,76.07250213623047,77.53250122070312,75.71940612792969,133838400,AAPL
AAPL,2020-05-11,77.0250015258789,79.26249694824219,76.80999755859375,78.75250244140625,76.91089630126953,145946400,AAPL
AAPL,2020-05-12,79.4574966430664,79.92250061035156,77.72750091552734,77.85250091552734,76.03192138671875,162301200,AAPL
AAPL,2020-05-13,78.0374984741211,78.98750305175781,75.80249786376953,76.9124984741211,75.11390686035156,200622400,AAPL
AAPL,2020-05-14,76.12750244140625,77.44750213623047,75.38249969482422,77.38500213623047,75.57536315917969,158929200,AAPL
AAPL,2020-05-15,75.0875015258789,76.9749984741211,75.05249786376953,76.92749786376953,75.12854766845703,166348400,AAPL
AAPL,2020-05-18,78.2925033569336,79.125,77.58000183105469,78.73999786376953,76.898681640625,135178400,AAPL
AAPL,2020-05-19,78.75749969482422,79.62999725341797,78.25250244140625,78.28500366210938,76.45431518554688,101729600,AAPL
AAPL,2020-05-20,79.16999816894531,79.87999725341797,79.12999725341797,79.80750274658203,77.94120788574219,111504800,AAPL
AAPL,2020-05-21,79.66500091552734,80.22250366210938,78.96749877929688,79.2125015258789,77.36012268066406,102688800,AAPL
AAPL,2020-05-22,78.94249725341797,79.80750274658203,78.8375015258789,79.72250366210938,77.85821533203125,81803200,AAPL
AAPL,2020-05-26,80.875,81.05999755859375,79.125,79.18250274658203,77.3308334350586,125522000,AAPL
AAPL,2020-05-27,79.03500366210938,79.67749786376953,78.27249908447266,79.52749633789062,77.66775512695312,112945200,AAPL
AAPL,2020-05-28,79.19249725341797,80.86000061035156,78.90750122070312,79.5625,77.70193481445312,133560800,AAPL
AAPL,2020-05-29,79.8125,80.2874984741211,79.11750030517578,79.48500061035156,77.62626647949219,153532400,AAPL
AAPL,2020-06-01,79.4375,80.5875015258789,79.30249786376953,80.4625015258789,78.5809097290039,80791200,AAPL
AAPL,2020-06-02,80.1875,80.86000061035156,79.73249816894531,80.83499908447266,78.94469451904297,87642800,AAPL
AAPL,2020-06-03,81.16500091552734,81.55000305175781,80.57499694824219,81.27999877929688,79.37928009033203,104491200,AAPL
AAPL,2020-06-04,81.09750366210938,81.40499877929688,80.19499969482422,80.58000183105469,78.6956558227539,87560400,AAPL
AAPL,2020-06-05,80.8375015258789,82.9375,80.80750274658203,82.875,80.93697357177734,137250400,AAPL
AAPL,2020-06-08,82.5625,83.4000015258789,81.83000183105469,83.36499786376953,81.41552734375,95654400,AAPL
AAPL,2020-06-09,83.03500366210938,86.40249633789062,83.00250244140625,85.99749755859375,83.9864501953125,147712400,AAPL
AAPL,2020-06-10,86.9749984741211,88.69249725341797,86.52249908447266,88.20999908447266,86.147216796875,166651600,AAPL
AAPL,2020-06-11,87.32749938964844,87.76499938964844,83.87000274658203,83.9749984741211,82.01124572753906,201662400,AAPL
AAPL,2020-06-12,86.18000030517578,86.94999694824219,83.55500030517578,84.69999694824219,82.71929168701172,200146000,AAPL
AAPL,2020-06-15,83.3125,86.41999816894531,83.1449966430664,85.74749755859375,83.74232482910156,138808800,AAPL
AAPL,2020-06-16,87.86499786376953,88.30000305175781,86.18000030517578,88.0199966430664,85.96166229248047,165428800,AAPL
AAPL,2020-06-17,88.7874984741211,88.8499984741211,87.77249908447266,87.89749908447266,85.84202575683594,114406400,AAPL
AAPL,2020-06-18,87.85250091552734,88.36250305175781,87.30500030517578,87.93250274658203,85.87621307373047,96820400,AAPL
AAPL,2020-06-19,88.66000366210938,89.13999938964844,86.2874984741211,87.43000030517578,85.3854751586914,264476000,AAPL
AAPL,2020-06-22,87.83499908447266,89.86499786376953,87.7874984741211,89.71749877929688,87.61946868896484,135445200,AAPL
AAPL,2020-06-23,91.0,93.09500122070312,90.56749725341797,91.63249969482422,89.48968505859375,212155600,AAPL
AAPL,2020-06-24,91.25,92.19750213623047,89.62999725341797,90.01499938964844,87.91001892089844,192623200,AAPL
AAPL,2020-06-25,90.17500305175781,91.25,89.39250183105469,91.20999908447266,89.07705688476562,137522400,AAPL
AAPL,2020-06-26,91.10250091552734,91.33000183105469,88.25499725341797,88.40750122070312,86.34009552001953,205256800,AAPL
AAPL,2020-06-29,88.3125,90.5425033569336,87.81999969482422,90.44499969482422,88.3299560546875,130646000,AAPL
AAPL,2020-06-30,90.0199966430664,91.49500274658203,90.0,91.19999694824219,89.06729125976562,140223200,AAPL
AAPL,2020-07-01,91.27999877929688,91.83999633789062,90.97750091552734,91.02749633789062,88.89884185791016,110737200,AAPL
AAPL,2020-07-02,91.9625015258789,92.61750030517578,90.91000366210938,91.02749633789062,88.89884185791016,114041600,AAPL
AAPL,2020-07-06,92.5,93.94499969482422,92.46749877929688,93.4625015258789,91.27690124511719,118655600,AAPL
AAPL,2020-07-07,93.85250091552734,94.65499877929688,93.05750274658203,93.17250061035156,90.9936752319336,112424400,AAPL
AAPL,2020-07-08,94.18000030517578,95.375,94.08999633789062,95.34249877929688,93.11293029785156,117092000,AAPL
AAPL,2020-07-09,96.26249694824219,96.31749725341797,94.67250061035156,95.75250244140625,93.51334381103516,125642800,AAPL
AAPL,2020-07-10,95.33499908447266,95.9800033569336,94.70500183105469,95.91999816894531,93.67691040039062,90257200,AAPL
AAPL,2020-07-13,97.26499938964844,99.95500183105469,95.25749969482422,95.47750091552734,93.2447738647461,191649200,AAPL
AAPL,2020-07-14,94.83999633789062,97.25499725341797,93.87750244140625,97.05750274658203,94.78783416748047,170989200,AAPL
AAPL,2020-07-15,98.98999786376953,99.24749755859375,96.48999786376953,97.7249984741211,95.43971252441406,153198000,AAPL
AAPL,2020-07-16,96.5625,97.40499877929688,95.90499877929688,96.52249908447266,94.26533508300781,110577600,AAPL
AAPL,2020-07-17,96.98750305175781,97.14749908447266,95.83999633789062,96.32749938964844,94.07489776611328,92186800,AAPL
AAPL,2020-07-20,96.4175033569336,98.5,96.0625,98.35749816894531,96.05743408203125,90318000,AAPL
AAPL,2020-07-21,99.17250061035156,99.25,96.74250030517578,97.0,94.7316665649414,103433200,AAPL
AAPL,2020-07-22,96.69249725341797,97.9749984741211,96.60250091552734,97.27249908447266,94.99779510498047,89001600,AAPL
AAPL,2020-07-23,96.99749755859375,97.07749938964844,92.01000213623047,92.84500122070312,90.6738510131836,197004400,AAPL
AAPL,2020-07-24,90.98750305175781,92.97000122070312,89.1449966430664,92.61499786376953,90.44921112060547,185438800,AAPL
AAPL,2020-07-27,93.70999908447266,94.90499877929688,93.4800033569336,94.80999755859375,92.59288024902344,121214000,AAPL
AAPL,2020-07-28,94.36750030517578,94.55000305175781,93.24749755859375,93.25250244140625,91.07179260253906,103625600,AAPL
AAPL,2020-07-29,93.75,95.2300033569336,93.7125015258789,95.04000091552734,92.8175048828125,90329200,AAPL
AAPL,2020-07-30,94.1875,96.29750061035156,93.76750183105469,96.19000244140625,93.94062042236328,158130000,AAPL
AAPL,2020-07-31,102.88500213623047,106.41500091552734,100.82499694824219,106.26000213623047,103.7751235961914,374336800,AAPL
AAPL,2020-08-03,108.19999694824219,111.63749694824219,107.89250183105469,108.9375,106.38999938964844,308151200,AAPL
AAPL,2020-08-04,109.13249969482422,110.79000091552734,108.38749694824219,109.66500091552734,107.1004867553711,173071600,AAPL
AAPL,2020-08-05,109.37750244140625,110.39250183105469,108.89749908447266,110.0625,107.48869323730469,121776800,AAPL
AAPL,2020-08-06,110.40499877929688,114.4124984741211,109.79750061035156,113.90249633789062,111.23890686035156,202428800,AAPL
AAPL,2020-08-07,113.20500183105469,113.67500305175781,110.2925033569336,111.11250305175781,108.70979309082031,198045600,AAPL
AAPL,2020-08-10,112.5999984741211,113.7750015258789,110.0,112.72750091552734,110.28987884521484,212403600,AAPL
AAPL,2020-08-11,111.97000122070312,112.48249816894531,109.10749816894531,109.375,107.0098648071289,187902400,AAPL
AAPL,2020-08-12,110.49749755859375,113.2750015258789,110.29750061035156,113.01000213623047,110.56627655029297,165598000,AAPL
AAPL,2020-08-13,114.43000030517578,116.0425033569336,113.92749786376953,115.01000213623047,112.52301788330078,210082000,AAPL
AAPL,2020-08-14,114.83000183105469,115.0,113.04499816894531,114.90750122070312,112.4227294921875,165565200,AAPL
AAPL,2020-08-17,116.0625,116.0875015258789,113.9625015258789,114.60749816894531,112.12921905517578,119561600,AAPL
AAPL,2020-08-18,114.35250091552734,116.0,114.00749969482422,115.5625,113.06356048583984,105633600,AAPL
AAPL,2020-08-19,115.98249816894531,117.1624984741211,115.61000061035156,115.7074966430664,113.20542907714844,145538000,AAPL
AAPL,2020-08-20,115.75,118.39250183105469,115.73249816894531,118.2750015258789,115.71743774414062,126907200,AAPL
AAPL,2020-08-21,119.26249694824219,124.86750030517578,119.25,124.37000274658203,121.68061828613281,338054800,AAPL
AAPL,2020-08-24,128.69749450683594,128.78500366210938,123.9375,125.85749816894531,123.13595581054688,345937600,AAPL
AAPL,2020-08-25,124.69750213623047,125.18000030517578,123.05249786376953,124.82499694824219,122.12577819824219,211495600,AAPL
AAPL,2020-08-26,126.18000030517578,126.99250030517578,125.0824966430664,126.52249908447266,123.78659057617188,163022400,AAPL
AAPL,2020-08-27,127.14250183105469,127.48500061035156,123.8324966430664,125.01000213623047,122.30679321289062,155552400,AAPL
AAPL,2020-08-28,126.01249694824219,126.44249725341797,124.57749938964844,124.80750274658203,122.10868072509766,187630000,AAPL
AAPL,2020-08-31,127.58000183105469,131.0,126.0,129.0399932861328,126.24962615966797,225702700,AAPL
AAPL,2020-09-01,132.75999450683594,134.8000030517578,130.52999877929688,134.17999267578125,131.2784881591797,151948100,AAPL
AAPL,2020-09-02,137.58999633789062,137.97999572753906,127.0,131.39999389648438,128.55862426757812,200119000,AAPL
AAPL,2020-09-03,126.91000366210938,128.83999633789062,120.5,120.87999725341797,118.26609802246094,257599600,AAPL
AAPL,2020-09-04,120.06999969482422,123.69999694824219,110.88999938964844,120.95999908447266,118.3443603515625,332607200,AAPL
AAPL,2020-09-08,113.94999694824219,118.98999786376953,112.68000030517578,112.81999969482422,110.38036346435547,231366600,AAPL
AAPL,2020-09-09,117.26000213623047,119.13999938964844,115.26000213623047,117.31999969482422,114.78307342529297,176940500,AAPL
AAPL,2020-09-10,120.36000061035156,120.5,112.5,113.48999786376953,111.03588104248047,182274400,AAPL
AAPL,2020-09-11,114.56999969482422,115.2300033569336,110.0,112.0,109.57811737060547,180860300,AAPL
AAPL,2020-09-14,114.72000122070312,115.93000030517578,112.80000305175781,115.36000061035156,112.86544799804688,140150100,AAPL
AAPL,2020-09-15,118.33000183105469,118.83000183105469,113.61000061035156,115.54000091552734,113.04154968261719,184642000,AAPL
AAPL,2020-09-16,115.2300033569336,116.0,112.04000091552734,112.12999725341797,109.70529174804688,154679000,AAPL
AAPL,2020-09-17,109.72000122070312,112.19999694824219,108.70999908447266,110.33999633789062,107.9540023803711,178011000,AAPL
AAPL,2020-09-18,110.4000015258789,110.87999725341797,106.08999633789062,106.83999633789062,104.5296859741211,287104900,AAPL
AAPL,2020-09-21,104.54000091552734,110.19000244140625,103.0999984741211,110.08000183105469,107.69963073730469,195713800,AAPL
AAPL,2020-09-22,112.68000030517578,112.86000061035156,109.16000366210938,111.80999755859375,109.39221954345703,183055400,AAPL
AAPL,2020-09-23,111.62000274658203,112.11000061035156,106.7699966430664,107.12000274658203,104.80362701416016,150718700,AAPL
AAPL,2020-09-24,105.16999816894531,110.25,105.0,108.22000122070312,105.87982940673828,167743300,AAPL
AAPL,2020-09-25,108.43000030517578,112.44000244140625,107.66999816894531,112.27999877929688,109.85204315185547,149981400,AAPL
AAPL,2020-09-28,115.01000213623047,115.31999969482422,112.77999877929688,114.95999908447266,112.47409057617188,137672400,AAPL
AAPL,2020-09-29,114.55000305175781,115.30999755859375,113.56999969482422,114.08999633789062,111.62290954589844,99382200,AAPL
AAPL,2020-09-30,113.79000091552734,117.26000213623047,113.62000274658203,115.80999755859375,113.30571746826172,142675200,AAPL
AAPL,2020-10-01,117.63999938964844,117.72000122070312,115.83000183105469,116.79000091552734,114.2645263671875,116120400,AAPL
AAPL,2020-10-02,112.88999938964844,115.37000274658203,112.22000122070312,113.0199966430664,110.5760498046875,144712000,AAPL
AAPL,2020-10-05,113.91000366210938,116.6500015258789,113.55000305175781,116.5,113.98079681396484,106243800,AAPL
AAPL,2020-10-06,115.69999694824219,116.12000274658203,112.25,113.16000366210938,110.71302032470703,161498200,AAPL
AAPL,2020-10-07,114.62000274658203,115.55000305175781,114.12999725341797,115.08000183105469,112.59149169921875,96849000,AAPL
AAPL,2020-10-08,116.25,116.4000015258789,114.58999633789062,114.97000122070312,112.48387908935547,83477200,AAPL
AAPL,2020-10-09,115.27999877929688,117.0,114.91999816894531,116.97000122070312,114.44062805175781,100506900,AAPL
AAPL,2020-10-12,120.05999755859375,125.18000030517578,119.27999877929688,124.4000015258789,121.70996856689453,240226800,AAPL
AAPL,2020-10-13,125.2699966430664,125.38999938964844,119.6500015258789,121.0999984741211,118.4813461303711,262330500,AAPL
AAPL,2020-10-14,121.0,123.02999877929688,119.62000274658203,121.19000244140625,118.56939697265625,150712000,AAPL
AAPL,2020-10-15,118.72000122070312,121.19999694824219,118.1500015258789,120.70999908447266,118.0997543334961,112559200,AAPL
AAPL,2020-10-16,121.27999877929688,121.55000305175781,118.80999755859375,119.0199966430664,116.44630432128906,115393800,AAPL
AAPL,2020-10-19,119.95999908447266,120.41999816894531,115.66000366210938,115.9800033569336,113.47205352783203,120639300,AAPL
AAPL,2020-10-20,116.19999694824219,118.9800033569336,115.62999725341797,117.51000213623047,114.96896362304688,124423700,AAPL
AAPL,2020-10-21,116.66999816894531,118.70999908447266,116.44999694824219,116.87000274658203,114.34280395507812,89946000,AAPL
AAPL,2020-10-22,117.44999694824219,118.04000091552734,114.58999633789062,115.75,113.24703216552734,101988000,AAPL
AAPL,2020-10-23,116.38999938964844,116.55000305175781,114.27999877929688,115.04000091552734,112.55237579345703,82572600,AAPL
AAPL,2020-10-26,114.01000213623047,116.55000305175781,112.87999725341797,115.05000305175781,112.56217193603516,111850700,AAPL
AAPL,2020-10-27,115.48999786376953,117.27999877929688,114.54000091552734,116.5999984741211,114.0786361694336,92276800,AAPL
AAPL,2020-10-28,115.05000305175781,115.43000030517578,111.0999984741211,111.19999694824219,108.79541015625,143937800,AAPL
AAPL,2020-10-29,112.37000274658203,116.93000030517578,112.19999694824219,115.31999969482422,112.8263168334961,146129200,AAPL
AAPL,2020-10-30,111.05999755859375,111.98999786376953,107.72000122070312,108.86000061035156,106.50601959228516,190272600,AAPL
AAPL,2020-11-02,109.11000061035156,110.68000030517578,107.31999969482422,108.7699966430664,106.41797637939453,122866900,AAPL
AAPL,2020-11-03,109.66000366210938,111.48999786376953,108.7300033569336,110.44000244140625,108.05183410644531,107624400,AAPL
AAPL,2020-11-04,114.13999938964844,115.58999633789062,112.3499984741211,114.94999694824219,112.46432495117188,138235500,AAPL
AAPL,2020-11-05,117.94999694824219,119.62000274658203,116.87000274658203,119.02999877929688,116.45609283447266,126387100,AAPL
AAPL,2020-11-06,118.31999969482422,119.19999694824219,116.12999725341797,118.69000244140625,116.32379150390625,114457900,AAPL
AAPL,2020-11-09,120.5,121.98999786376953,116.05000305175781,116.31999969482422,114.00103759765625,154515300,AAPL
AAPL,2020-11-10,115.55000305175781,117.58999633789062,114.12999725341797,115.97000122070312,113.65801239013672,138023400,AAPL
AAPL,2020-11-11,117.19000244140625,119.62999725341797,116.44000244140625,119.48999786376953,117.10783386230469,112295000,AAPL
AAPL,2020-11-12,119.62000274658203,120.52999877929688,118.56999969482422,119.20999908447266,116.83340454101562,103162300,AAPL
AAPL,2020-11-13,119.44000244140625,119.66999816894531,117.87000274658203,119.26000213623047,116.88243103027344,81581900,AAPL
AAPL,2020-11-16,118.91999816894531,120.98999786376953,118.1500015258789,120.30000305175781,117.90170288085938,91183000,AAPL
AAPL,2020-11-17,119.55000305175781,120.66999816894531,118.95999908447266,119.38999938964844,117.00982666015625,74271000,AAPL
AAPL,2020-11-18,118.61000061035156,119.81999969482422,118.0,118.02999877929688,115.67694091796875,76322100,AAPL
AAPL,2020-11-19,117.58999633789062,119.05999755859375,116.80999755859375,118.63999938964844,116.27478790283203,74113000,AAPL
AAPL,2020-11-20,118.63999938964844,118.7699966430664,117.29000091552734,117.33999633789062,115.00070190429688,73604300,AAPL
AAPL,2020-11-23,117.18000030517578,117.62000274658203,113.75,113.8499984741211,111.58027648925781,127959300,AAPL
AAPL,2020-11-24,113.91000366210938,115.8499984741211,112.58999633789062,115.16999816894531,112.87395477294922,113874200,AAPL
AAPL,2020-11-25,115.55000305175781,116.75,115.16999816894531,116.02999877929688,113.71681213378906,76499200,AAPL
AAPL,2020-11-27,116.56999969482422,117.48999786376953,116.22000122070312,116.58999633789062,114.2656478881836,46691300,AAPL
AAPL,2020-11-30,116.97000122070312,120.97000122070312,116.80999755859375,119.05000305175781,116.67662048339844,169410200,AAPL
AAPL,2020-12-01,121.01000213623047,123.47000122070312,120.01000213623047,122.72000122070312,120.27345275878906,127728200,AAPL
AAPL,2020-12-02,122.0199966430664,123.37000274658203,120.88999938964844,123.08000183105469,120.62626647949219,89004200,AAPL
AAPL,2020-12-03,123.5199966430664,123.77999877929688,122.20999908447266,122.94000244140625,120.48907470703125,78967600,AAPL
AAPL,2020-12-04,122.5999984741211,122.86000061035156,121.5199966430664,122.25,119.81280517578125,78260400,AAPL
AAPL,2020-12-07,122.30999755859375,124.56999969482422,122.25,123.75,121.28291320800781,86712000,AAPL
AAPL,2020-12-08,124.37000274658203,124.9800033569336,123.08999633789062,124.37999725341797,121.90035247802734,82225500,AAPL
AAPL,2020-12-09,124.52999877929688,125.94999694824219,121.0,121.77999877929688,119.35218048095703,115089200,AAPL
AAPL,2020-12-10,120.5,123.87000274658203,120.1500015258789,123.23999786376953,120.78306579589844,81312200,AAPL
AAPL,2020-12-11,122.43000030517578,122.76000213623047,120.55000305175781,122.41000366210938,119.96963500976562,86939800,AAPL
AAPL,2020-12-14,122.5999984741211,123.3499984741211,121.54000091552734,121.77999877929688,119.35218048095703,79184500,AAPL
AAPL,2020-12-15,124.33999633789062,127.9000015258789,124.12999725341797,127.87999725341797,125.33056640625,157243700,AAPL
AAPL,2020-12-16,127.41000366210938,128.3699951171875,126.55999755859375,127.80999755859375,125.26195526123047,98208600,AAPL
AAPL,2020-12-17,128.89999389648438,129.5800018310547,128.0399932861328,128.6999969482422,126.13423156738281,94359800,AAPL
AAPL,2020-12-18,128.9600067138672,129.10000610351562,126.12000274658203,126.66000366210938,124.1349105834961,192541500,AAPL
AAPL,2020-12-21,125.0199966430664,128.30999755859375,123.44999694824219,128.22999572753906,125.6736068725586,121251600,AAPL
AAPL,2020-12-22,131.61000061035156,134.41000366210938,129.64999389648438,131.8800048828125,129.25082397460938,168904800,AAPL
AAPL,2020-12-23,132.16000366210938,132.42999267578125,130.77999877929688,130.9600067138672,128.34915161132812,88223700,AAPL
AAPL,2020-12-24,131.32000732421875,133.4600067138672,131.10000610351562,131.97000122070312,129.33905029296875,54930100,AAPL
AAPL,2020-12-28,133.99000549316406,137.33999633789062,133.50999450683594,136.69000244140625,133.96493530273438,124486200,AAPL
AAPL,2020-12-29,138.0500030517578,138.7899932861328,134.33999633789062,134.8699951171875,132.1811981201172,121047300,AAPL
AAPL,2020-12-30,135.5800018310547,135.99000549316406,133.39999389648438,133.72000122070312,131.0541534423828,96452100,AAPL
AAPL,2020-12-31,134.0800018310547,134.74000549316406,131.72000122070312,132.69000244140625,130.04469299316406,99116600,AAPL
MSFT,2020-01-02,158.77999877929688,160.72999572753906,158.3300018310547,160.6199951171875,154.21566772460938,22622100,MSFT
MSFT,2020-01-03,158.32000732421875,159.9499969482422,158.05999755859375,158.6199951171875,152.29539489746094,21116200,MSFT
MSFT,2020-01-06,157.0800018310547,159.10000610351562,156.50999450683594,159.02999877929688,152.68905639648438,20813700,MSFT
MSFT,2020-01-07,159.32000732421875,159.6699981689453,157.32000732421875,157.5800018310547,151.29689025878906,21634100,MSFT
MSFT,2020-01-08,158.92999267578125,160.8000030517578,157.9499969482422,160.08999633789062,153.706787109375,27746500,MSFT
MSFT,2020-01-09,161.83999633789062,162.22000122070312,161.02999877929688,162.08999633789062,155.6270294189453,21385000,MSFT
MSFT,2020-01-10,162.82000732421875,163.22000122070312,161.17999267578125,161.33999633789062,154.90692138671875,20725900,MSFT
MSFT,2020-01-13,161.75999450683594,163.30999755859375,161.25999450683594,163.27999877929688,156.76962280273438,21626500,MSFT
MSFT,2020-01-14,163.38999938964844,163.60000610351562,161.72000122070312,162.1300048828125,155.66546630859375,23477400,MSFT
MSFT,2020-01-15,162.6199951171875,163.94000244140625,162.57000732421875,163.17999267578125,156.67356872558594,21417900,MSFT
MSFT,2020-01-16,164.35000610351562,166.24000549316406,164.02999877929688,166.1699981689453,159.5443878173828,23865400,MSFT
MSFT,2020-01-17,167.4199981689453,167.47000122070312,165.42999267578125,167.10000610351562,160.43728637695312,34371700,MSFT
MSFT,2020-01-21,166.67999267578125,168.19000244140625,166.42999267578125,166.5,159.86117553710938,29517200,MSFT
MSFT,2020-01-22,167.39999389648438,167.49000549316406,165.67999267578125,165.6999969482422,159.0930938720703,24138800,MSFT
MSFT,2020-01-23,166.19000244140625,166.8000030517578,165.27000427246094,166.72000122070312,160.07244873046875,19680800,MSFT
MSFT,2020-01-24,167.50999450683594,167.52999877929688,164.4499969482422,165.0399932861328,158.4594268798828,24918100,MSFT
MSFT,2020-01-27,161.14999389648438,163.3800048828125,160.1999969482422,162.27999877929688,155.80947875976562,32078100,MSFT
MSFT,2020-01-28,163.77999877929688,165.75999450683594,163.07000732421875,165.4600067138672,158.8627166748047,24899900,MSFT
MSFT,2020-01-29,167.83999633789062,168.75,165.69000244140625,168.0399932861328,161.33981323242188,34754500,MSFT
MSFT,2020-01-30,174.0500030517578,174.0500030517578,170.7899932861328,172.77999877929688,165.89076232910156,51597500,MSFT
MSFT,2020-01-31,172.2100067138672,172.39999389648438,169.5800018310547,170.22999572753906,163.44247436523438,36142700,MSFT
MSFT,2020-02-03,170.42999267578125,174.5,170.39999389648438,174.3800048828125,167.42701721191406,30107000,MSFT
MSFT,2020-02-04,177.13999938964844,180.63999938964844,176.30999755859375,180.1199951171875,172.93814086914062,36433300,MSFT
MSFT,2020-02-05,184.02999877929688,184.1999969482422,178.41000366210938,179.89999389648438,172.72691345214844,39186300,MSFT
MSFT,2020-02-06,180.97000122070312,183.82000732421875,180.05999755859375,183.6300048828125,176.3082275390625,27751400,MSFT
MSFT,2020-02-07,182.85000610351562,185.6300048828125,182.47999572753906,183.88999938964844,176.55783081054688,33529100,MSFT
MSFT,2020-02-10,183.5800018310547,188.83999633789062,183.25,188.6999969482422,181.176025390625,35844300,MSFT
MSFT,2020-02-11,190.64999389648438,190.6999969482422,183.5,184.44000244140625,177.0859375,53159900,MSFT
MSFT,2020-02-12,185.5800018310547,185.85000610351562,181.85000610351562,184.7100067138672,177.34512329101562,47062900,MSFT
MSFT,2020-02-13,183.0800018310547,186.22999572753906,182.8699951171875,183.7100067138672,176.38497924804688,35295800,MSFT
MSFT,2020-02-14,183.25,185.41000366210938,182.64999389648438,185.35000610351562,177.95960998535156,23149500,MSFT
MSFT,2020-02-18,185.61000061035156,187.6999969482422,185.5,187.22999572753906,179.76466369628906,27792200,MSFT
MSFT,2020-02-19,188.05999755859375,188.17999267578125,186.47000122070312,187.27999877929688,180.30381774902344,29997500,MSFT
MSFT,2020-02-20,186.9499969482422,187.25,181.10000610351562,184.4199981689453,177.55032348632812,36862400,MSFT
MSFT,2020-02-21,183.1699981689453,183.5,177.25,178.58999633789062,171.93751525878906,48572600,MSFT
MSFT,2020-02-24,167.77000427246094,174.5500030517578,163.22999572753906,170.88999938964844,164.52432250976562,68311100,MSFT
MSFT,2020-02-25,174.1999969482422,174.83999633789062,167.64999389648438,168.07000732421875,161.80935668945312,68073300,MSFT
MSFT,2020-02-26,169.7100067138672,173.25999450683594,168.2100067138672,170.1699981689453,163.83114624023438,56206100,MSFT
MSFT,2020-02-27,163.32000732421875,167.02999877929688,157.97999572753906,158.17999267578125,152.28778076171875,93174900,MSFT
MSFT,2020-02-28,152.41000366210938,163.7100067138672,152.0,162.00999450683594,155.9751434326172,97012700,MSFT
MSFT,2020-03-02,165.30999755859375,172.9199981689453,162.30999755859375,172.7899932861328,166.35353088378906,71030800,MSFT
MSFT,2020-03-03,173.8000030517578,175.0,162.25999450683594,164.50999450683594,158.38198852539062,71677000,MSFT
MSFT,2020-03-04,168.49000549316406,170.6999969482422,165.6199951171875,170.5500030517578,164.19700622558594,49814400,MSFT
MSFT,2020-03-05,166.0500030517578,170.8699951171875,165.69000244140625,166.27000427246094,160.076416015625,47817300,MSFT
MSFT,2020-03-06,162.61000061035156,163.11000061035156,156.0,161.57000732421875,155.551513671875,72821100,MSFT
MSFT,2020-03-09,151.0,157.75,150.0,150.6199951171875,145.00938415527344,70419300,MSFT
MSFT,2020-03-10,158.16000366210938,161.02999877929688,152.5800018310547,160.9199981689453,154.9257354736328,65354400,MSFT
MSFT,2020-03-11,157.1300048828125,157.6999969482422,151.14999389648438,153.6300048828125,147.9073028564453,56371600,MSFT
MSFT,2020-03-12,145.3000030517578,153.47000122070312,138.5800018310547,139.05999755859375,133.8800048828125,93226400,MSFT
MSFT,2020-03-13,147.5,161.91000366210938,140.72999572753906,158.8300018310547,152.91355895996094,92727400,MSFT
MSFT,2020-03-16,140.0,149.35000610351562,135.0,135.4199981689453,130.3756103515625,87905900,MSFT
MSFT,2020-03-17,140.0,147.5,135.0,146.57000732421875,141.11024475097656,81059800,MSFT
MSFT,2020-03-18,138.0,146.0,135.02000427246094,140.39999389648438,135.1700897216797,81593200,MSFT
MSFT,2020-03-19,142.77000427246094,150.14999389648438,139.0,142.7100067138672,137.39405822753906,85922700,MSFT
MSFT,2020-03-20,146.0,147.10000610351562,135.86000061035156,137.35000610351562,132.2336883544922,84866200,MSFT
MSFT,2020-03-23,137.00999450683594,140.57000732421875,132.52000427246094,135.97999572753906,130.9147186279297,78975200,MSFT
MSFT,2020-03-24,143.75,149.60000610351562,141.27000427246094,148.33999633789062,142.81431579589844,82516700,MSFT
MSFT,2020-03-25,148.91000366210938,154.3300018310547,144.44000244140625,146.9199981689453,141.4472198486328,75638200,MSFT
MSFT,2020-03-26,148.39999389648438,156.66000366210938,148.3699951171875,156.11000061035156,150.2948760986328,64568100,MSFT
MSFT,2020-03-27,151.75,154.88999938964844,149.1999969482422,149.6999969482422,144.12367248535156,57042300,MSFT
MSFT,2020-03-30,152.44000244140625,160.60000610351562,150.00999450683594,160.22999572753906,154.2613983154297,63420300,MSFT
MSFT,2020-03-31,159.39999389648438,164.77999877929688,156.55999755859375,157.7100067138672,151.83529663085938,77927200,MSFT
MSFT,2020-04-01,153.0,157.75,150.82000732421875,152.11000061035156,146.44387817382812,57969900,MSFT
MSFT,2020-04-02,151.86000061035156,155.47999572753906,150.36000061035156,155.25999450683594,149.4765625,49630700,MSFT
MSFT,2020-04-03,155.10000610351562,157.3800048828125,152.19000244140625,153.8300018310547,148.09982299804688,41243300,MSFT
MSFT,2020-04-06,160.32000732421875,166.5,157.5800018310547,165.27000427246094,159.11367797851562,67111700,MSFT
MSFT,2020-04-07,169.58999633789062,170.0,163.25999450683594,163.49000549316406,157.39999389648438,62769000,MSFT
MSFT,2020-04-08,165.6699981689453,166.6699981689453,163.5,165.1300048828125,158.97889709472656,48318200,MSFT
MSFT,2020-04-09,166.36000061035156,167.3699951171875,163.3300018310547,165.13999938964844,158.98851013183594,51385100,MSFT
MSFT,2020-04-13,164.35000610351562,165.57000732421875,162.3000030517578,165.50999450683594,159.3447265625,41905300,MSFT
MSFT,2020-04-14,169.0,173.75,168.0,173.6999969482422,167.2296600341797,52874300,MSFT
MSFT,2020-04-15,171.1999969482422,173.57000732421875,169.24000549316406,171.8800048828125,165.47743225097656,40940800,MSFT
MSFT,2020-04-16,174.3000030517578,177.27999877929688,172.89999389648438,177.0399932861328,170.4451904296875,50479600,MSFT
MSFT,2020-04-17,179.5,180.0,175.8699951171875,178.60000610351562,171.94712829589844,52765600,MSFT
MSFT,2020-04-20,176.6300048828125,178.75,174.99000549316406,175.05999755859375,168.53903198242188,36669600,MSFT
MSFT,2020-04-21,173.5,173.6699981689453,166.11000061035156,167.82000732421875,161.56871032714844,56203700,MSFT
MSFT,2020-04-22,171.38999938964844,174.0,170.82000732421875,173.52000427246094,167.0563507080078,34620200,MSFT
MSFT,2020-04-23,174.11000061035156,175.05999755859375,170.91000366210938,171.4199981689453,165.03460693359375,32790800,MSFT
MSFT,2020-04-24,172.05999755859375,174.55999755859375,170.7100067138672,174.5500030517578,168.0480194091797,34277600,MSFT
MSFT,2020-04-27,176.58999633789062,176.89999389648438,173.3000030517578,174.0500030517578,167.5666046142578,33194400,MSFT
MSFT,2020-04-28,175.58999633789062,175.6699981689453,169.38999938964844,169.80999755859375,163.48455810546875,34392700,MSFT
MSFT,2020-04-29,173.22000122070312,177.67999267578125,171.8800048828125,177.42999267578125,170.82070922851562,51286600,MSFT
MSFT,2020-04-30,180.0,180.39999389648438,176.22999572753906,179.2100067138672,172.53440856933594,53875900,MSFT
MSFT,2020-05-01,175.8000030517578,178.63999938964844,174.00999450683594,174.57000732421875,168.0672607421875,39370500,MSFT
MSFT,2020-05-04,174.49000549316406,179.0,173.8000030517578,178.83999633789062,172.17819213867188,30372900,MSFT
MSFT,2020-05-05,180.6199951171875,183.64999389648438,179.89999389648438,180.75999450683594,174.0266571044922,36839200,MSFT
MSFT,2020-05-06,182.0800018310547,184.1999969482422,181.6300048828125,182.5399932861328,175.74037170410156,32139300,MSFT
MSFT,2020-05-07,184.1699981689453,184.5500030517578,182.5800018310547,183.60000610351562,176.7608642578125,28316000,MSFT
MSFT,2020-05-08,184.97999572753906,185.0,183.36000061035156,184.67999267578125,177.8006134033203,30877800,MSFT
MSFT,2020-05-11,183.14999389648438,187.50999450683594,182.85000610351562,186.74000549316406,179.78392028808594,30892700,MSFT
MSFT,2020-05-12,186.8000030517578,187.0399932861328,182.3000030517578,182.50999450683594,175.71148681640625,32038200,MSFT
MSFT,2020-05-13,182.5500030517578,184.0500030517578,176.5399932861328,179.75,173.05430603027344,44711500,MSFT
MSFT,2020-05-14,177.5399932861328,180.69000244140625,175.67999267578125,180.52999877929688,173.8052520751953,41873900,MSFT
MSFT,2020-05-15,179.05999755859375,187.05999755859375,177.0,183.16000366210938,176.3372802734375,46610400,MSFT
MSFT,2020-05-18,185.75,186.1999969482422,183.9600067138672,184.91000366210938,178.0220947265625,35264500,MSFT
MSFT,2020-05-19,185.02999877929688,186.60000610351562,183.49000549316406,183.6300048828125,176.78976440429688,26799100,MSFT
MSFT,2020-05-20,184.80999755859375,185.85000610351562,183.94000244140625,185.66000366210938,179.24197387695312,31261300,MSFT
MSFT,2020-05-21,185.39999389648438,186.6699981689453,183.2899932861328,183.42999267578125,177.08905029296875,29119500,MSFT
MSFT,2020-05-22,183.19000244140625,184.4600067138672,182.5399932861328,183.50999450683594,177.16627502441406,20826900,MSFT
MSFT,2020-05-26,186.33999633789062,186.5,181.10000610351562,181.57000732421875,175.29335021972656,36073600,MSFT
MSFT,2020-05-27,180.1999969482422,181.99000549316406,176.60000610351562,181.80999755859375,175.5250701904297,39517100,MSFT
MSFT,2020-05-28,180.74000549316406,184.14999389648438,180.3800048828125,181.39999389648438,175.1292266845703,33810200,MSFT
MSFT,2020-05-29,182.72999572753906,184.27000427246094,180.41000366210938,183.25,176.91526794433594,42130400,MSFT
MSFT,2020-06-01,182.5399932861328,183.0,181.4600067138672,182.8300018310547,176.50979614257812,22622400,MSFT
MSFT,2020-06-02,184.25,185.0,181.35000610351562,184.91000366210938,178.5178985595703,30794600,MSFT
MSFT,2020-06-03,184.82000732421875,185.94000244140625,183.5800018310547,185.36000061035156,178.95233154296875,27311000,MSFT
MSFT,2020-06-04,184.3000030517578,185.83999633789062,182.3000030517578,182.9199981689453,176.5966796875,28761800,MSFT
MSFT,2020-06-05,182.6199951171875,187.72999572753906,182.00999450683594,187.1999969482422,180.72872924804688,39893600,MSFT
MSFT,2020-06-08,185.94000244140625,188.5500030517578,184.44000244140625,188.36000061035156,181.84864807128906,33211600,MSFT
MSFT,2020-06-09,188.0,190.6999969482422,187.25999450683594,189.8000030517578,183.2388458251953,29783900,MSFT
MSFT,2020-06-10,191.1300048828125,198.52000427246094,191.00999450683594,196.83999633789062,190.03549194335938,43872300,MSFT
MSFT,2020-06-11,193.1300048828125,195.75999450683594,186.07000732421875,186.27000427246094,179.83087158203125,52854700,MSFT
MSFT,2020-06-12,190.5399932861328,191.72000122070312,185.17999267578125,187.74000549316406,181.25003051757812,43373600,MSFT
MSFT,2020-06-15,184.5800018310547,190.82000732421875,184.00999450683594,188.94000244140625,182.4085693359375,32770200,MSFT
MSFT,2020-06-16,192.88999938964844,195.5800018310547,191.4600067138672,193.57000732421875,186.87852478027344,42556700,MSFT
MSFT,2020-06-17,195.02999877929688,196.32000732421875,193.69000244140625,194.24000549316406,187.525390625,25687800,MSFT
MSFT,2020-06-18,194.0,196.49000549316406,194.0,196.32000732421875,189.53347778320312,23061600,MSFT
MSFT,2020-06-19,198.58999633789062,199.2899932861328,194.3699951171875,195.14999389648438,188.40391540527344,44441100,MSFT
MSFT,2020-06-22,195.7899932861328,200.75999450683594,195.22999572753906,200.57000732421875,193.63653564453125,32818900,MSFT
MSFT,2020-06-23,202.08999633789062,203.9499969482422,201.42999267578125,201.91000366210938,194.9302215576172,30917400,MSFT
MSFT,2020-06-24,201.60000610351562,203.25,196.55999755859375,197.83999633789062,191.00091552734375,36740600,MSFT
MSFT,2020-06-25,197.8000030517578,200.61000061035156,195.47000122070312,200.33999633789062,193.41448974609375,27803900,MSFT
MSFT,2020-06-26,199.72999572753906,199.88999938964844,194.8800048828125,196.3300018310547,189.5431365966797,54675800,MSFT
MSFT,2020-06-29,195.77999877929688,198.52999877929688,193.5500030517578,198.44000244140625,191.58018493652344,26701600,MSFT
MSFT,2020-06-30,197.8800048828125,204.39999389648438,197.74000549316406,203.50999450683594,196.47491455078125,34310300,MSFT
MSFT,2020-07-01,203.13999938964844,206.35000610351562,201.77000427246094,204.6999969482422,197.62380981445312,32061200,MSFT
MSFT,2020-07-02,205.67999267578125,208.02000427246094,205.0,206.25999450683594,199.12982177734375,29315800,MSFT
MSFT,2020-07-06,208.8300018310547,211.1300048828125,208.08999633789062,210.6999969482422,203.4163818359375,31897600,MSFT
MSFT,2020-07-07,210.4499969482422,214.6699981689453,207.99000549316406,208.25,201.05105590820312,33600700,MSFT
MSFT,2020-07-08,210.07000732421875,213.25999450683594,208.69000244140625,212.8300018310547,205.4727020263672,33600000,MSFT
MSFT,2020-07-09,216.3300018310547,216.3800048828125,211.47000122070312,214.32000732421875,206.91123962402344,33121700,MSFT
MSFT,2020-07-10,213.6199951171875,214.0800018310547,211.0800018310547,213.6699981689453,206.28369140625,26177600,MSFT
MSFT,2020-07-13,214.47999572753906,215.8000030517578,206.5,207.07000732421875,199.91184997558594,38135600,MSFT
MSFT,2020-07-14,206.1300048828125,208.85000610351562,202.02999877929688,208.35000610351562,201.14761352539062,37591800,MSFT
MSFT,2020-07-15,209.55999755859375,211.3300018310547,205.02999877929688,208.0399932861328,200.8483123779297,32179400,MSFT
MSFT,2020-07-16,205.39999389648438,205.6999969482422,202.30999755859375,203.9199981689453,196.87071228027344,29940700,MSFT
MSFT,2020-07-17,204.47000122070312,205.0399932861328,201.38999938964844,202.8800048828125,195.86668395996094,31635300,MSFT
MSFT,2020-07-20,205.0,212.3000030517578,203.00999450683594,211.60000610351562,204.2852325439453,36884800,MSFT
MSFT,2020-07-21,213.66000366210938,213.94000244140625,208.02999877929688,208.75,201.5337677001953,37990400,MSFT
MSFT,2020-07-22,209.1999969482422,212.3000030517578,208.38999938964844,211.75,204.4300537109375,49605700,MSFT
MSFT,2020-07-23,207.19000244140625,210.9199981689453,202.14999389648438,202.5399932861328,195.53843688964844,67457000,MSFT
MSFT,2020-07-24,200.4199981689453,202.86000061035156,197.50999450683594,201.3000030517578,194.34130859375,39827000,MSFT
MSFT,2020-07-27,201.47000122070312,203.97000122070312,200.86000061035156,203.85000610351562,196.80316162109375,30160900,MSFT
MSFT,2020-07-28,203.61000061035156,204.6999969482422,201.74000549316406,202.02000427246094,195.0364227294922,23251400,MSFT
MSFT,2020-07-29,202.5,204.64999389648438,202.00999450683594,204.05999755859375,197.00587463378906,19632600,MSFT
MSFT,2020-07-30,201.0,204.4600067138672,199.57000732421875,203.89999389648438,196.8513946533203,25079600,MSFT
MSFT,2020-07-31,204.39999389648438,205.10000610351562,199.00999450683594,205.00999450683594,197.92303466796875,51044000,MSFT
MSFT,2020-08-03,211.52000427246094,217.63999938964844,210.44000244140625,216.5399932861328,209.054443359375,78983000,MSFT
MSFT,2020-08-04,214.1699981689453,214.77000427246094,210.30999755859375,213.2899932861328,205.9168243408203,49280100,MSFT
MSFT,2020-08-05,214.89999389648438,215.0,211.57000732421875,212.94000244140625,205.57896423339844,28806400,MSFT
MSFT,2020-08-06,212.33999633789062,216.3699951171875,211.5500030517578,216.35000610351562,208.8710174560547,32656800,MSFT
MSFT,2020-08-07,214.85000610351562,215.6999969482422,210.92999267578125,212.47999572753906,205.13485717773438,27820400,MSFT
MSFT,2020-08-10,211.6699981689453,211.8800048828125,206.35000610351562,208.25,201.05105590820312,36716500,MSFT
MSFT,2020-08-11,207.16000366210938,207.64999389648438,203.13999938964844,203.3800048828125,196.34939575195312,36446500,MSFT
MSFT,2020-08-12,205.2899932861328,210.27999877929688,204.75,209.19000244140625,201.95855712890625,28013100,MSFT
MSFT,2020-08-13,209.44000244140625,211.35000610351562,208.14999389648438,208.6999969482422,201.48548889160156,22588900,MSFT
MSFT,2020-08-14,208.75999450683594,209.58999633789062,207.50999450683594,208.89999389648438,201.67860412597656,17958900,MSFT
MSFT,2020-08-17,209.60000610351562,211.19000244140625,208.9199981689453,210.27999877929688,203.01089477539062,20184800,MSFT
MSFT,2020-08-18,210.52999877929688,212.36000061035156,209.2100067138672,211.49000549316406,204.1790771484375,21336200,MSFT
MSFT,2020-08-19,211.49000549316406,212.10000610351562,209.25,209.6999969482422,202.94029235839844,27627600,MSFT
MSFT,2020-08-20,209.5399932861328,215.0,208.91000366210938,214.5800018310547,207.6630096435547,26981500,MSFT
MSFT,2020-08-21,213.86000061035156,216.25,212.85000610351562,213.02000427246094,206.15330505371094,36249300,MSFT
MSFT,2020-08-24,214.7899932861328,215.52000427246094,212.42999267578125,213.69000244140625,206.80169677734375,25460100,MSFT
MSFT,2020-08-25,213.10000610351562,216.61000061035156,213.10000610351562,216.47000122070312,209.49208068847656,23043700,MSFT
MSFT,2020-08-26,217.8800048828125,222.08999633789062,217.36000061035156,221.14999389648438,214.02122497558594,39600800,MSFT
MSFT,2020-08-27,222.88999938964844,231.14999389648438,219.39999389648438,226.5800018310547,219.27618408203125,57602200,MSFT
MSFT,2020-08-28,228.17999267578125,230.63999938964844,226.5800018310547,228.91000366210938,221.5310821533203,26292900,MSFT
MSFT,2020-08-31,227.0,228.6999969482422,224.30999755859375,225.52999877929688,218.26002502441406,28774200,MSFT
MSFT,2020-09-01,225.50999450683594,227.4499969482422,224.42999267578125,227.27000427246094,219.94395446777344,25725500,MSFT
MSFT,2020-09-02,227.97000122070312,232.86000061035156,227.35000610351562,231.64999389648438,224.1827392578125,34080800,MSFT
MSFT,2020-09-03,229.27000427246094,229.30999755859375,214.9600067138672,217.3000030517578,210.29534912109375,58400300,MSFT
MSFT,2020-09-04,215.10000610351562,218.36000061035156,205.19000244140625,214.25,207.34365844726562,59664100,MSFT
MSFT,2020-09-08,206.5,210.02999877929688,202.1999969482422,202.66000366210938,196.1272430419922,52924300,MSFT
MSFT,2020-09-09,207.60000610351562,214.83999633789062,206.6999969482422,211.2899932861328,204.4790496826172,45679000,MSFT
MSFT,2020-09-10,213.39999389648438,214.74000549316406,204.11000061035156,205.3699951171875,198.74990844726562,35461500,MSFT
MSFT,2020-09-11,207.1999969482422,208.6300048828125,201.24000549316406,204.02999877929688,197.45309448242188,33620100,MSFT
MSFT,2020-09-14,204.24000549316406,209.1999969482422,204.02999877929688,205.41000366210938,198.78858947753906,30375800,MSFT
MSFT,2020-09-15,208.4199981689453,209.77999877929688,206.92999267578125,208.77999877929688,202.04998779296875,21823900,MSFT
MSFT,2020-09-16,210.6199951171875,210.64999389648438,204.63999938964844,205.0500030517578,198.44021606445312,26328100,MSFT
MSFT,2020-09-17,200.0500030517578,204.3300018310547,199.9600067138672,202.91000366210938,196.3692169189453,34011300,MSFT
MSFT,2020-09-18,202.8000030517578,203.64999389648438,196.25,200.38999938964844,193.930419921875,55225300,MSFT
MSFT,2020-09-21,197.19000244140625,202.7100067138672,196.3800048828125,202.5399932861328,196.01113891601562,39839700,MSFT
MSFT,2020-09-22,205.05999755859375,208.10000610351562,202.0800018310547,207.4199981689453,200.73382568359375,33517100,MSFT
MSFT,2020-09-23,207.89999389648438,208.10000610351562,200.02999877929688,200.58999633789062,194.1239776611328,30803800,MSFT
MSFT,2020-09-24,199.85000610351562,205.57000732421875,199.1999969482422,203.19000244140625,196.6401824951172,31202500,MSFT
MSFT,2020-09-25,203.5500030517578,209.0399932861328,202.5399932861328,207.82000732421875,201.12091064453125,29437300,MSFT
MSFT,2020-09-28,210.8800048828125,212.57000732421875,208.05999755859375,209.44000244140625,202.6886749267578,32004900,MSFT
MSFT,2020-09-29,209.35000610351562,210.07000732421875,206.80999755859375,207.25999450683594,200.57896423339844,24221900,MSFT
MSFT,2020-09-30,207.72999572753906,211.97999572753906,206.5399932861328,210.3300018310547,203.55001831054688,33829100,MSFT
MSFT,2020-10-01,213.49000549316406,213.99000549316406,211.32000732421875,212.4600067138672,205.6113739013672,27158400,MSFT
MSFT,2020-10-02,208.0,210.99000549316406,205.5399932861328,206.19000244140625,199.54344177246094,33154800,MSFT
MSFT,2020-10-05,207.22000122070312,210.41000366210938,206.97999572753906,210.3800048828125,203.59844970703125,21331600,MSFT
MSFT,2020-10-06,208.82000732421875,210.17999267578125,204.82000732421875,205.91000366210938,199.27252197265625,28554300,MSFT
MSFT,2020-10-07,207.05999755859375,210.11000061035156,206.72000122070312,209.8300018310547,203.06610107421875,25681100,MSFT
MSFT,2020-10-08,210.50999450683594,211.19000244140625,208.32000732421875,210.5800018310547,203.79193115234375,19925800,MSFT
MSFT,2020-10-09,211.22999572753906,215.86000061035156,211.22999572753906,215.80999755859375,208.8533477783203,26458000,MSFT
MSFT,2020-10-12,218.7899932861328,223.86000061035156,216.80999755859375,221.39999389648438,214.26318359375,40461400,MSFT
MSFT,2020-10-13,222.72000122070312,225.2100067138672,220.42999267578125,222.86000061035156,215.67613220214844,28950800,MSFT
MSFT,2020-10-14,223.0,224.22000122070312,219.1300048828125,220.86000061035156,213.74057006835938,23421700,MSFT
MSFT,2020-10-15,217.10000610351562,220.36000061035156,216.00999450683594,219.66000366210938,212.57925415039062,22733100,MSFT
MSFT,2020-10-16,220.14999389648438,222.2899932861328,219.32000732421875,219.66000366210938,212.57925415039062,26057900,MSFT
MSFT,2020-10-19,220.4199981689453,222.3000030517578,213.72000122070312,214.22000122070312,207.31463623046875,27625800,MSFT
MSFT,2020-10-20,215.8000030517578,217.3699951171875,213.08999633789062,214.64999389648438,207.73072814941406,22753500,MSFT
MSFT,2020-10-21,213.1199951171875,216.9199981689453,213.1199951171875,214.8000030517578,207.8759307861328,22724900,MSFT
MSFT,2020-10-22,213.92999267578125,216.05999755859375,211.6999969482422,214.88999938964844,207.9630126953125,22351500,MSFT
MSFT,2020-10-23,215.02999877929688,216.27999877929688,213.16000366210938,216.22999572753906,209.2598419189453,18879600,MSFT
MSFT,2020-10-26,213.85000610351562,216.33999633789062,208.10000610351562,210.0800018310547,203.30810546875,37111600,MSFT
MSFT,2020-10-27,211.58999633789062,214.6699981689453,210.3300018310547,213.25,206.37588500976562,36700300,MSFT
MSFT,2020-10-28,207.6699981689453,208.83999633789062,202.10000610351562,202.67999267578125,196.1465606689453,51195600,MSFT
MSFT,2020-10-29,204.07000732421875,207.36000061035156,203.3699951171875,204.72000122070312,198.12086486816406,31432600,MSFT
MSFT,2020-10-30,203.5,204.2899932861328,199.6199951171875,202.47000122070312,195.943359375,36953700,MSFT
MSFT,2020-11-02,204.2899932861328,205.27999877929688,200.1199951171875,202.3300018310547,195.80789184570312,30842200,MSFT
MSFT,2020-11-03,203.88999938964844,208.1199951171875,203.1199951171875,206.42999267578125,199.77572631835938,27512000,MSFT
MSFT,2020-11-04,214.02000427246094,218.32000732421875,212.4199981689453,216.38999938964844,209.41468811035156,42311800,MSFT
MSFT,2020-11-05,222.0399932861328,224.1199951171875,221.14999389648438,223.2899932861328,216.0922393798828,36080100,MSFT
MSFT,2020-11-06,222.25999450683594,224.36000061035156,218.02999877929688,223.72000122070312,216.5083770751953,25231900,MSFT
MSFT,2020-11-09,224.44000244140625,228.1199951171875,217.8800048828125,218.38999938964844,211.3502197265625,44395000,MSFT
MSFT,2020-11-10,214.5,216.5,209.72000122070312,211.00999450683594,204.20806884765625,44045100,MSFT
MSFT,2020-11-11,212.38999938964844,218.0399932861328,212.1999969482422,216.5500030517578,209.5695343017578,29440800,MSFT
MSFT,2020-11-12,217.2100067138672,219.11000061035156,214.4600067138672,215.44000244140625,208.49530029296875,21593900,MSFT
MSFT,2020-11-13,216.36000061035156,217.4199981689453,214.16000366210938,216.50999450683594,209.53077697753906,18621100,MSFT
MSFT,2020-11-16,214.8699951171875,217.74000549316406,214.52000427246094,217.22999572753906,210.22756958007812,24953300,MSFT
MSFT,2020-11-17,216.10000610351562,217.67999267578125,214.0800018310547,214.4600067138672,207.54690551757812,24154100,MSFT
MSFT,2020-11-18,213.64999389648438,215.1699981689453,210.92999267578125,211.0800018310547,204.81065368652344,28372800,MSFT
MSFT,2020-11-19,211.3800048828125,213.02999877929688,209.92999267578125,212.4199981689453,206.11085510253906,24792700,MSFT
MSFT,2020-11-20,212.1999969482422,213.2899932861328,210.0,210.38999938964844,204.1411590576172,22843100,MSFT
MSFT,2020-11-23,210.9499969482422,212.2899932861328,208.16000366210938,210.11000061035156,203.86944580078125,25683500,MSFT
MSFT,2020-11-24,209.58999633789062,214.25,208.86000061035156,213.86000061035156,207.50808715820312,33979700,MSFT
MSFT,2020-11-25,215.11000061035156,215.2899932861328,212.4600067138672,213.8699951171875,207.5177459716797,21012900,MSFT
MSFT,2020-11-27,214.85000610351562,216.27000427246094,214.0399932861328,215.22999572753906,208.8373565673828,14512200,MSFT
MSFT,2020-11-30,214.10000610351562,214.75999450683594,210.83999633789062,214.07000732421875,207.7118377685547,33064800,MSFT
MSFT,2020-12-01,214.50999450683594,217.32000732421875,213.35000610351562,216.2100067138672,209.7882537841797,30904500,MSFT
MSFT,2020-12-02,214.8800048828125,215.47000122070312,212.8000030517578,215.3699951171875,208.9732208251953,23724500,MSFT
MSFT,2020-12-03,214.61000061035156,216.3800048828125,213.64999389648438,214.24000549316406,207.8767852783203,25120900,MSFT
MSFT,2020-12-04,214.22000122070312,215.3800048828125,213.17999267578125,214.36000061035156,207.99322509765625,24666000,MSFT
MSFT,2020-12-07,214.3699951171875,215.5399932861328,212.99000549316406,214.2899932861328,207.92530822753906,24620000,MSFT
MSFT,2020-12-08,213.97000122070312,216.9499969482422,212.88999938964844,216.00999450683594,209.59422302246094,23284100,MSFT
MSFT,2020-12-09,215.16000366210938,215.22999572753906,211.2100067138672,211.8000030517578,205.50926208496094,32440600,MSFT
MSFT,2020-12-10,211.77000427246094,213.0800018310547,210.36000061035156,210.52000427246094,204.26730346679688,26733300,MSFT
MSFT,2020-12-11,210.0500030517578,213.32000732421875,209.11000061035156,213.25999450683594,206.9258575439453,30979400,MSFT
MSFT,2020-12-14,213.10000610351562,216.2100067138672,212.8800048828125,214.1999969482422,207.8379669189453,28798400,MSFT
MSFT,2020-12-15,215.1699981689453,215.4199981689453,212.24000549316406,214.1300048828125,207.7700653076172,27000600,MSFT
MSFT,2020-12-16,214.75,220.11000061035156,214.72000122070312,219.27999877929688,212.76708984375,35023300,MSFT
MSFT,2020-12-17,219.8699951171875,220.88999938964844,217.9199981689453,219.4199981689453,212.90293884277344,32515800,MSFT
MSFT,2020-12-18,218.58999633789062,219.69000244140625,216.02000427246094,218.58999633789062,212.0975799560547,63354900,MSFT
MSFT,2020-12-21,217.5500030517578,224.0,217.27999877929688,222.58999633789062,215.97877502441406,37181900,MSFT
MSFT,2020-12-22,222.69000244140625,225.6300048828125,221.85000610351562,223.94000244140625,217.28866577148438,22612200,MSFT
MSFT,2020-12-23,223.11000061035156,223.55999755859375,220.8000030517578,221.02000427246094,214.45541381835938,18699600,MSFT
MSFT,2020-12-24,221.4199981689453,223.61000061035156,221.1999969482422,222.75,216.13401794433594,10550600,MSFT
MSFT,2020-12-28,224.4499969482422,226.02999877929688,223.02000427246094,224.9600067138672,218.2783966064453,17933500,MSFT
MSFT,2020-12-29,226.30999755859375,227.17999267578125,223.5800018310547,224.14999389648438,217.492431640625,17403200,MSFT
MSFT,2020-12-30,225.22999572753906,225.6300048828125,221.47000122070312,221.67999267578125,215.09576416015625,20272300,MSFT
MSFT,2020-12-31,221.6999969482422,223.0,219.67999267578125,222.4199981689453,215.81381225585938,20942100,MSFT
GOOGL,2020-01-02,67.42050170898438,68.43399810791016,67.32450103759766,68.43399810791016,68.35554504394531,27278000,GOOGL
GOOGL,2020-01-03,67.4000015258789,68.6875,67.36599731445312,68.07599639892578,67.99795532226562,23408000,GOOGL
GOOGL,2020-01-06,67.58149719238281,69.91600036621094,67.55000305175781,69.8905029296875,69.81037902832031,46768000,GOOGL
GOOGL,2020-01-07,70.02300262451172,70.17500305175781,69.5780029296875,69.75550079345703,69.675537109375,34330000,GOOGL
GOOGL,2020-01-08,69.74099731445312,70.59249877929688,69.63150024414062,70.25199890136719,70.17146301269531,35314000,GOOGL
GOOGL,2020-01-09,71.09649658203125,71.43399810791016,70.510498046875,70.989501953125,70.90811920166016,33200000,GOOGL
GOOGL,2020-01-10,71.47350311279297,71.74700164794922,70.9800033569336,71.447998046875,71.3660888671875,26258000,GOOGL
GOOGL,2020-01-13,71.76249694824219,72.0739974975586,71.26850128173828,72.00150299072266,71.91896057128906,30730000,GOOGL
GOOGL,2020-01-14,72.0,72.13150024414062,71.38849639892578,71.52950286865234,71.44750213623047,26076000,GOOGL
GOOGL,2020-01-15,71.6510009765625,72.03900146484375,71.58300018310547,71.95999908447266,71.87750244140625,21550000,GOOGL
GOOGL,2020-01-16,72.27249908447266,72.53500366210938,72.0,72.50800323486328,72.42488098144531,26080000,GOOGL
GOOGL,2020-01-17,73.12699890136719,74.02749633789062,72.82749938964844,73.97599792480469,73.89119720458984,52424000,GOOGL
GOOGL,2020-01-21,73.94999694824219,74.49400329589844,73.510498046875,74.11250305175781,74.02754211425781,48930000,GOOGL
GOOGL,2020-01-22,74.48650360107422,75.02899932861328,74.13300323486328,74.19349670410156,74.10844421386719,28458000,GOOGL
GOOGL,2020-01-23,74.37750244140625,74.67500305175781,74.01599884033203,74.2344970703125,74.14939880371094,26650000,GOOGL
GOOGL,2020-01-24,74.64099884033203,74.70999908447266,73.15899658203125,73.30850219726562,73.2244644165039,29786000,GOOGL
GOOGL,2020-01-27,71.5770034790039,71.8290023803711,70.9749984741211,71.58650207519531,71.50444030761719,34132000,GOOGL
GOOGL,2020-01-28,72.08699798583984,72.73999786376953,71.51799774169922,72.5250015258789,72.44186401367188,29724000,GOOGL
GOOGL,2020-01-29,72.9229965209961,73.20700073242188,72.26950073242188,72.83499908447266,72.75150299072266,21566000,GOOGL
GOOGL,2020-01-30,71.90499877929688,72.76249694824219,71.75,72.7125015258789,72.62914276123047,27110000,GOOGL
GOOGL,2020-01-31,73.39299774169922,73.4834976196289,71.35299682617188,71.63899993896484,71.55687713623047,43822000,GOOGL
GOOGL,2020-02-03,73.0824966430664,74.31500244140625,72.83049774169922,74.12999725341797,74.04501342773438,71636000,GOOGL
GOOGL,2020-02-04,72.72450256347656,73.36699676513672,71.10150146484375,72.27050018310547,72.18765258789062,95880000,GOOGL
GOOGL,2020-02-05,73.18049621582031,73.22899627685547,71.48400115966797,72.30249786376953,72.21961212158203,36376000,GOOGL
GOOGL,2020-02-06,72.5989990234375,74.0780029296875,72.52400207519531,73.79850006103516,73.71389770507812,37822000,GOOGL
GOOGL,2020-02-07,73.36949920654297,74.26249694824219,73.27050018310547,73.95549774169922,73.87071990966797,28360000,GOOGL
GOOGL,2020-02-10,73.86150360107422,75.44400024414062,73.76000213623047,75.43299865722656,75.34652709960938,38302000,GOOGL
GOOGL,2020-02-11,75.66349792480469,76.49400329589844,75.27249908447266,75.50299835205078,75.41644287109375,34852000,GOOGL
GOOGL,2020-02-12,75.79299926757812,76.01499938964844,75.43350219726562,75.93150329589844,75.8444595336914,31042000,GOOGL
GOOGL,2020-02-13,75.5,76.29750061035156,75.19999694824219,75.66950225830078,75.58275604248047,22914000,GOOGL
GOOGL,2020-02-14,75.72650146484375,76.00250244140625,75.27749633789062,75.9365005493164,75.84944915771484,23198000,GOOGL
GOOGL,2020-02-18,75.71700286865234,76.52799987792969,75.55049896240234,75.97200012207031,75.8849105834961,25642000,GOOGL
GOOGL,2020-02-19,76.36000061035156,76.53700256347656,76.04900360107422,76.24349975585938,76.15609741210938,22746000,GOOGL
GOOGL,2020-02-20,75.95050048828125,76.35350036621094,75.21299743652344,75.84950256347656,75.7625503540039,25962000,GOOGL
GOOGL,2020-02-21,75.22899627685547,75.54750061035156,73.92449951171875,74.1729965209961,74.08796691894531,42520000,GOOGL
GOOGL,2020-02-24,71.15249633789062,71.81900024414062,70.3395004272461,70.99299621582031,70.91161346435547,49560000,GOOGL
GOOGL,2020-02-25,71.55000305175781,71.84249877929688,69.02100372314453,69.31600189208984,69.23654174804688,51580000,GOOGL
GOOGL,2020-02-26,69.7490005493164,70.68350219726562,68.82749938964844,69.52349853515625,69.44380187988281,49776000,GOOGL
GOOGL,2020-02-27,67.95700073242188,68.47000122070312,65.71199798583984,65.74749755859375,65.67212677001953,62290000,GOOGL
GOOGL,2020-02-28,63.71549987792969,67.12249755859375,63.410499572753906,66.9625015258789,66.88573455810547,80198000,GOOGL
GOOGL,2020-03-02,67.56950378417969,69.37349700927734,66.26000213623047,69.31600189208984,69.23654174804688,55430000,GOOGL
GOOGL,2020-03-03,69.88400268554688,70.40950012207031,66.46199798583984,66.88600158691406,66.809326171875,56602000,GOOGL
GOOGL,2020-03-04,67.947998046875,69.13899993896484,66.8499984741211,69.08000183105469,69.00080871582031,47598000,GOOGL
GOOGL,2020-03-05,67.27749633789062,67.68150329589844,65.08200073242188,65.73799896240234,65.66263580322266,54380000,GOOGL
GOOGL,2020-03-06,63.497501373291016,65.13749694824219,62.86050033569336,64.78700256347656,64.71273040771484,64640000,GOOGL
GOOGL,2020-03-09,60.24800109863281,62.63650131225586,59.902000427246094,60.78950119018555,60.71981430053711,69252000,GOOGL
GOOGL,2020-03-10,62.71950149536133,63.79249954223633,60.72549819946289,63.75849914550781,63.68540954589844,54872000,GOOGL
GOOGL,2020-03-11,62.41350173950195,62.846500396728516,59.55699920654297,60.54499816894531,60.475589752197266,54732000,GOOGL
GOOGL,2020-03-12,56.13100051879883,59.4375,55.423500061035156,55.57749938964844,55.51378631591797,94326000,GOOGL
GOOGL,2020-03-13,58.7495002746582,60.720001220703125,55.614498138427734,60.7135009765625,60.64390182495117,79400000,GOOGL
GOOGL,2020-03-16,54.480499267578125,57.27349853515625,53.354000091552734,53.650001525878906,53.588497161865234,96520000,GOOGL
GOOGL,2020-03-17,54.53200149536133,56.29999923706055,52.45500183105469,55.90299987792969,55.83891296386719,83194000,GOOGL
GOOGL,2020-03-18,52.99700164794922,55.2495002746582,51.849998474121094,54.55950164794922,54.49695587158203,93044000,GOOGL
GOOGL,2020-03-19,54.4109992980957,57.63050079345703,52.77750015258789,55.583499908447266,55.519779205322266,74064000,GOOGL
GOOGL,2020-03-20,56.54499816894531,56.92399978637695,53.10499954223633,53.410499572753906,53.34926986694336,82878000,GOOGL
GOOGL,2020-03-23,52.81850051879883,53.34550094604492,50.44350051879883,52.70650100708008,52.646080017089844,83672000,GOOGL
GOOGL,2020-03-24,55.19900131225586,56.666500091552734,54.32149887084961,56.5004997253418,56.43572998046875,72468000,GOOGL
GOOGL,2020-03-25,56.229000091552734,57.30849838256836,54.1505012512207,55.08100128173828,55.01785659790039,90324000,GOOGL
GOOGL,2020-03-26,55.736000061035156,58.57400131225586,54.60150146484375,58.145999908447266,58.079341888427734,76562000,GOOGL
GOOGL,2020-03-27,56.37350082397461,57.5525016784668,55.20000076293945,55.51300048828125,55.44935989379883,62794000,GOOGL
GOOGL,2020-03-30,56.63199996948242,57.54999923706055,54.92449951171875,57.31549835205078,57.249794006347656,58736000,GOOGL
GOOGL,2020-03-31,57.436500549316406,58.66999816894531,56.83599853515625,58.09749984741211,58.03089904785156,65228000,GOOGL
GOOGL,2020-04-01,56.20000076293945,56.47100067138672,54.67449951171875,55.10499954223633,55.04182815551758,51970000,GOOGL
GOOGL,2020-04-02,55.0,56.13850021362305,54.65650177001953,55.85150146484375,55.7874755859375,56410000,GOOGL
GOOGL,2020-04-03,55.73550033569336,55.93949890136719,53.75400161743164,54.6349983215332,54.572364807128906,51374000,GOOGL
GOOGL,2020-04-06,56.650001525878906,59.537498474121094,56.25,59.15950012207031,59.09168243408203,63320000,GOOGL
GOOGL,2020-04-07,60.85049819946289,61.03900146484375,58.86249923706055,59.12799835205078,59.06021499633789,61620000,GOOGL
GOOGL,2020-04-08,60.154998779296875,60.744998931884766,59.1974983215332,60.349998474121094,60.28081512451172,40334000,GOOGL
GOOGL,2020-04-09,60.909000396728516,61.0994987487793,59.62099838256836,60.32849884033203,60.25933837890625,54028000,GOOGL
GOOGL,2020-04-13,60.07500076293945,60.72600173950195,59.11650085449219,60.52050018310547,60.45112228393555,38702000,GOOGL
GOOGL,2020-04-14,61.99850082397461,63.787498474121094,61.426998138427734,63.26150131225586,63.18898010253906,63358000,GOOGL
GOOGL,2020-04-15,62.32550048828125,63.75550079345703,61.70000076293945,62.8650016784668,62.79293441772461,42236000,GOOGL
GOOGL,2020-04-16,63.356998443603516,63.667999267578125,61.90999984741211,62.871498107910156,62.79942321777344,57896000,GOOGL
GOOGL,2020-04-17,64.08499908447266,64.5,63.29999923706055,63.95000076293945,63.87668991088867,51050000,GOOGL
GOOGL,2020-04-20,63.49449920654297,63.840999603271484,62.821998596191406,63.057498931884766,62.98521041870117,35292000,GOOGL
GOOGL,2020-04-21,62.135501861572266,62.5,60.25,60.608001708984375,60.53852081298828,49648000,GOOGL
GOOGL,2020-04-22,62.05550003051758,63.99399948120117,61.86000061035156,62.920501708984375,62.84836959838867,46296000,GOOGL
GOOGL,2020-04-23,63.2869987487793,64.40750122070312,63.0265007019043,63.55849838256836,63.48563766479492,34202000,GOOGL
GOOGL,2020-04-24,62.75,63.885501861572266,62.20000076293945,63.83000183105469,63.75682830810547,37402000,GOOGL
GOOGL,2020-04-27,64.5999984741211,64.70500183105469,63.25299835205078,63.542999267578125,63.47015380859375,44186000,GOOGL
GOOGL,2020-04-28,64.16000366210938,64.23799896240234,61.51900100708008,61.62950134277344,61.5588493347168,80700000,GOOGL
GOOGL,2020-04-29,67.25,68.00749969482422,66.33650207519531,67.10900115966797,67.03206634521484,108358000,GOOGL
GOOGL,2020-04-30,66.56800079345703,67.5,66.07499694824219,67.33499908447266,67.25780487060547,55842000,GOOGL
GOOGL,2020-05-01,66.20449829101562,67.57150268554688,65.48300170898438,65.86599731445312,65.79048919677734,48872000,GOOGL
GOOGL,2020-05-04,65.40650177001953,66.22350311279297,64.80049896240234,66.1449966430664,66.06916809082031,30806000,GOOGL
GOOGL,2020-05-05,66.875,68.55049896240234,66.75150299072266,67.45099639892578,67.37367248535156,39666000,GOOGL
GOOGL,2020-05-06,67.9000015258789,68.43450164794922,67.25650024414062,67.27149963378906,67.19438171386719,31732000,GOOGL
GOOGL,2020-05-07,68.06549835205078,68.80000305175781,67.62699890136719,68.46399688720703,68.38551330566406,30652000,GOOGL
GOOGL,2020-05-08,69.09100341796875,69.83200073242188,68.60050201416016,69.21700286865234,69.13765716552734,33326000,GOOGL
GOOGL,2020-05-11,68.8395004272461,70.77649688720703,68.7750015258789,70.17949676513672,70.09904479980469,32718000,GOOGL
GOOGL,2020-05-12,70.41100311279297,70.71649932861328,68.72550201416016,68.75900268554688,68.68017578125,33918000,GOOGL
GOOGL,2020-05-13,68.80799865722656,69.2665023803711,66.40049743652344,67.41649627685547,67.3392105102539,40368000,GOOGL
GOOGL,2020-05-14,66.6760025024414,67.86849975585938,66.16500091552734,67.84300231933594,67.76522827148438,36660000,GOOGL
GOOGL,2020-05-15,67.41300201416016,68.72899627685547,66.94999694824219,68.65299987792969,68.57429504394531,41544000,GOOGL
GOOGL,2020-05-18,68.0790023803711,69.63800048828125,67.70999908447266,69.25900268554688,69.17960357666016,47094000,GOOGL
GOOGL,2020-05-19,69.27400207519531,69.62449645996094,68.68800354003906,68.72000122070312,68.64122009277344,31586000,GOOGL
GOOGL,2020-05-20,69.45800018310547,70.60150146484375,69.37100219726562,70.45800018310547,70.37722778320312,38262000,GOOGL
GOOGL,2020-05-21,70.54949951171875,70.822998046875,69.71949768066406,70.3375015258789,70.25686645507812,30894000,GOOGL
GOOGL,2020-05-22,70.19499969482422,70.8499984741211,69.79750061035156,70.66200256347656,70.58099365234375,28544000,GOOGL
GOOGL,2020-05-26,72.0979995727539,72.25550079345703,70.97000122070312,71.06849670410156,70.98702239990234,44590000,GOOGL
GOOGL,2020-05-27,71.0,71.26750183105469,69.7300033569336,71.01399993896484,70.9325942993164,31684000,GOOGL
GOOGL,2020-05-28,70.0,72.2229995727539,69.9540023803711,70.91200256347656,70.8307113647461,35170000,GOOGL
GOOGL,2020-05-29,71.02149963378906,71.83650207519531,70.79900360107422,71.6760025024414,71.59383392333984,37044000,GOOGL
GOOGL,2020-06-01,71.28500366210938,72.0790023803711,71.11399841308594,71.74349975585938,71.6612548828125,25162000,GOOGL
GOOGL,2020-06-02,71.75,72.1500015258789,71.08049774169922,72.1155014038086,72.03282928466797,23442000,GOOGL
GOOGL,2020-06-03,72.13500213623047,72.45050048828125,71.58100128173828,71.9625015258789,71.8800048828125,27732000,GOOGL
GOOGL,2020-06-04,71.83899688720703,72.06600189208984,70.30049896240234,70.71499633789062,70.6339340209961,26982000,GOOGL
GOOGL,2020-06-05,70.78199768066406,72.31500244140625,70.38099670410156,72.0009994506836,71.91845703125,42642000,GOOGL
GOOGL,2020-06-08,71.31400299072266,72.44999694824219,71.2239990234375,72.4020004272461,72.31900024414062,33878000,GOOGL
GOOGL,2020-06-09,72.26200103759766,73.38999938964844,72.11799621582031,72.60399627685547,72.52076721191406,33624000,GOOGL
GOOGL,2020-06-10,73.07550048828125,73.63849639892578,72.71800231933594,73.23500061035156,73.15104675292969,31762000,GOOGL
GOOGL,2020-06-11,72.05149841308594,72.58000183105469,69.92050170898438,70.09500122070312,70.0146484375,47144000,GOOGL
GOOGL,2020-06-12,71.29299926757812,71.72550201416016,69.29000091552734,70.64600372314453,70.56501770019531,36676000,GOOGL
GOOGL,2020-06-15,69.47450256347656,71.25,69.36000061035156,71.03700256347656,70.95556640625,30468000,GOOGL
GOOGL,2020-06-16,72.44999694824219,72.8584976196289,71.44950103759766,72.32350158691406,72.24059295654297,30648000,GOOGL
GOOGL,2020-06-17,72.64700317382812,73.11000061035156,71.75650024414062,72.62699890136719,72.54373931884766,30610000,GOOGL
GOOGL,2020-06-18,72.49250030517578,72.64849853515625,71.31199645996094,71.70600128173828,71.6238021850586,34862000,GOOGL
GOOGL,2020-06-19,72.0,72.2249984741211,70.94999694824219,71.23200225830078,71.15034484863281,52784000,GOOGL
GOOGL,2020-06-22,71.25050354003906,72.54750061035156,70.95950317382812,72.53299713134766,72.44984436035156,29442000,GOOGL
GOOGL,2020-06-23,72.5999984741211,73.76000213623047,72.25,73.1989974975586,73.11508178710938,37752000,GOOGL
GOOGL,2020-06-24,73.16400146484375,73.78949737548828,71.5,71.63500213623047,71.5528793334961,31592000,GOOGL
GOOGL,2020-06-25,71.56099700927734,72.11599731445312,70.97699737548828,72.05500030517578,71.97239685058594,23958000,GOOGL
GOOGL,2020-06-26,71.63150024414062,71.85099792480469,67.75,68.12699890136719,68.04889678955078,97640000,GOOGL
GOOGL,2020-06-29,68.01699829101562,69.9000015258789,67.5824966430664,69.8584976196289,69.77841186523438,45074000,GOOGL
GOOGL,2020-06-30,69.84400177001953,71.19999694824219,69.34649658203125,70.90249633789062,70.82121276855469,40286000,GOOGL
GOOGL,2020-07-01,70.95850372314453,72.42400360107422,70.70899963378906,72.0999984741211,72.01734161376953,42182000,GOOGL
GOOGL,2020-07-02,72.59200286865234,74.4260025024414,72.55349731445312,73.49649810791016,73.41224670410156,57218000,GOOGL
GOOGL,2020-07-06,74.40750122070312,75.5,73.8489990234375,74.98249816894531,74.89653778076172,44712000,GOOGL
GOOGL,2020-07-07,74.80650329589844,76.06600189208984,74.48500061035156,74.49600219726562,74.41059875488281,42364000,GOOGL
GOOGL,2020-07-08,75.04000091552734,75.55850219726562,74.61499786376953,75.18000030517578,75.09381866455078,31766000,GOOGL
GOOGL,2020-07-09,75.49649810791016,76.45700073242188,74.77950286865234,75.93299865722656,75.845947265625,41836000,GOOGL
GOOGL,2020-07-10,75.6624984741211,77.06700134277344,75.03600311279297,76.95050048828125,76.86228942871094,35918000,GOOGL
GOOGL,2020-07-13,77.49700164794922,78.81800079345703,75.3280029296875,75.61150360107422,75.52482604980469,42954000,GOOGL
GOOGL,2020-07-14,74.6395034790039,76.13999938964844,74.29650115966797,76.04299926757812,75.95582580566406,38108000,GOOGL
GOOGL,2020-07-15,76.1614990234375,76.81649780273438,74.8915023803711,75.84400177001953,75.7570571899414,31026000,GOOGL
GOOGL,2020-07-16,75.07499694824219,75.79550170898438,74.41349792480469,75.74600219726562,75.65917205810547,26484000,GOOGL
GOOGL,2020-07-17,75.84549713134766,76.17150115966797,74.90499877929688,75.84249877929688,75.75555419921875,34264000,GOOGL
GOOGL,2020-07-20,75.75,78.45050048828125,75.13500213623047,78.19200134277344,78.10236358642578,30166000,GOOGL
GOOGL,2020-07-21,79.25150299072266,79.35250091552734,77.63099670410156,77.7959976196289,77.70681762695312,27486000,GOOGL
GOOGL,2020-07-22,77.7854995727539,78.3489990234375,77.1614990234375,78.24250030517578,78.15280151367188,24482000,GOOGL
GOOGL,2020-07-23,78.29650115966797,78.51750183105469,75.42949676513672,75.8375015258789,75.75056457519531,33910000,GOOGL
GOOGL,2020-07-24,74.95950317382812,75.77149963378906,74.37950134277344,75.4104995727539,75.32405090332031,29902000,GOOGL
GOOGL,2020-07-27,75.66300201416016,76.87799835205078,75.61650085449219,76.47149658203125,76.38383483886719,27124000,GOOGL
GOOGL,2020-07-28,76.25,76.30049896240234,75.0260009765625,75.18250274658203,75.0963134765625,30910000,GOOGL
GOOGL,2020-07-29,75.25,76.66649627685547,75.15049743652344,76.17549896240234,76.08817291259766,22676000,GOOGL
GOOGL,2020-07-30,74.89849853515625,77.04450225830078,74.75849914550781,76.91850280761719,76.830322265625,36042000,GOOGL
GOOGL,2020-07-31,74.85250091552734,75.2509994506836,72.69999694824219,74.39749908447266,74.31221008300781,91468000,GOOGL
GOOGL,2020-08-03,74.55000305175781,74.8864974975586,73.58599853515625,74.13800048828125,74.05300903320312,45482000,GOOGL
GOOGL,2020-08-04,74.33550262451172,74.65550231933594,73.20149993896484,73.66500091552734,73.58055114746094,37212000,GOOGL
GOOGL,2020-08-05,73.84100341796875,74.5,73.56099700927734,73.95449829101562,73.86972045898438,29134000,GOOGL
GOOGL,2020-08-06,73.80750274658203,75.3134994506836,73.59500122070312,75.24749755859375,75.1612319946289,33306000,GOOGL
GOOGL,2020-08-07,75.4520034790039,76.00450134277344,74.3134994506836,74.91850280761719,74.8326187133789,27718000,GOOGL
GOOGL,2020-08-10,74.54000091552734,75.35749816894531,73.87449645996094,74.84100341796875,74.75521087646484,20546000,GOOGL
GOOGL,2020-08-11,74.69999694824219,75.52200317382812,73.90950012207031,74.0270004272461,73.942138671875,31098000,GOOGL
GOOGL,2020-08-12,74.35600280761719,75.58350372314453,74.25,75.36199951171875,75.27560424804688,22512000,GOOGL
GOOGL,2020-08-13,75.4104995727539,76.84850311279297,75.4104995727539,75.8324966430664,75.74556732177734,22388000,GOOGL
GOOGL,2020-08-14,75.68049621582031,75.989501953125,74.94999694824219,75.23149871826172,75.14525604248047,21942000,GOOGL
GOOGL,2020-08-17,75.79850006103516,76.18900299072266,75.25,75.81199645996094,75.72509002685547,19990000,GOOGL
GOOGL,2020-08-18,76.30599975585938,77.86849975585938,76.08350372314453,77.78900146484375,77.6998291015625,28378000,GOOGL
GOOGL,2020-08-19,77.62449645996094,78.44300079345703,77.0,77.23049926757812,77.1419677734375,30472000,GOOGL
GOOGL,2020-08-20,76.99849700927734,79.00849914550781,76.7229995727539,78.8125,78.72215270996094,26382000,GOOGL
GOOGL,2020-08-21,78.58999633789062,79.59400177001953,78.1155014038086,78.77850341796875,78.68819427490234,34838000,GOOGL
GOOGL,2020-08-24,79.62349700927734,80.43900299072266,78.75199890136719,79.25749969482422,79.16664123535156,25638000,GOOGL
GOOGL,2020-08-25,79.00499725341797,80.44400024414062,78.89399719238281,80.2925033569336,80.20045471191406,25150000,GOOGL
GOOGL,2020-08-26,80.31500244140625,82.6395034790039,80.04900360107422,82.20649719238281,82.11225891113281,52188000,GOOGL
GOOGL,2020-08-27,82.33049774169922,82.39949798583984,80.94049835205078,81.4260025024414,81.33265686035156,31350000,GOOGL
GOOGL,2020-08-28,81.47350311279297,82.06749725341797,81.28050231933594,81.97149658203125,81.87752532958984,22418000,GOOGL
GOOGL,2020-08-31,82.17849731445312,82.2249984741211,81.2665023803711,81.47650146484375,81.38310241699219,26422000,GOOGL
GOOGL,2020-09-01,81.60800170898438,82.96099853515625,81.47650146484375,82.75399780273438,82.65913391113281,22652000,GOOGL
GOOGL,2020-09-02,83.40049743652344,86.30500030517578,83.0094985961914,85.86949920654297,85.77105712890625,49522000,GOOGL
GOOGL,2020-09-03,84.97599792480469,85.0,80.385498046875,81.47550201416016,81.3821029663086,63726000,GOOGL
GOOGL,2020-09-04,80.44999694824219,81.74949645996094,76.89849853515625,79.06050109863281,78.9698715209961,55850000,GOOGL
GOOGL,2020-09-08,76.25,77.77749633789062,75.82499694824219,76.18000030517578,76.09266662597656,54032000,GOOGL
GOOGL,2020-09-09,77.44499969482422,77.93599700927734,76.25849914550781,77.36150360107422,77.27281951904297,39242000,GOOGL
GOOGL,2020-09-10,77.50900268554688,78.68299865722656,76.0,76.30249786376953,76.21502685546875,33024000,GOOGL
GOOGL,2020-09-11,76.40750122070312,76.93499755859375,74.6510009765625,75.78800201416016,75.70111846923828,30706000,GOOGL
GOOGL,2020-09-14,76.5824966430664,77.8499984741211,75.25550079345703,75.44149780273438,75.35501098632812,42660000,GOOGL
GOOGL,2020-09-15,76.39450073242188,77.54949951171875,76.1050033569336,76.75599670410156,76.66800689697266,23042000,GOOGL
GOOGL,2020-09-16,77.1240005493164,77.71849822998047,75.57949829101562,75.60449981689453,75.51782989501953,22128000,GOOGL
GOOGL,2020-09-17,74.29049682617188,74.93299865722656,73.12300109863281,74.35199737548828,74.26676177978516,40008000,GOOGL
GOOGL,2020-09-18,74.41500091552734,74.76000213623047,71.58100128173828,72.55449676513672,72.47132110595703,63056000,GOOGL
GOOGL,2020-09-21,71.58100128173828,72.00299835205078,70.13400268554688,71.50700378417969,71.42503356933594,56908000,GOOGL
GOOGL,2020-09-22,72.51599884033203,73.19850158691406,71.4749984741211,72.99099731445312,72.9073257446289,33950000,GOOGL
GOOGL,2020-09-23,72.60449981689453,72.65399932861328,70.13400268554688,70.46949768066406,70.38871002197266,37726000,GOOGL
GOOGL,2020-09-24,70.13400268554688,71.89949798583984,70.10749816894531,71.14299774169922,71.06143951416016,34552000,GOOGL
GOOGL,2020-09-25,71.25250244140625,72.2969970703125,70.38400268554688,71.9530029296875,71.87051391601562,30326000,GOOGL
GOOGL,2020-09-28,73.59950256347656,73.64949798583984,72.31400299072266,72.93299865722656,72.8493881225586,30784000,GOOGL
GOOGL,2020-09-29,73.19550323486328,73.5999984741211,72.69999694824219,73.3010025024414,73.21697235107422,31816000,GOOGL
GOOGL,2020-09-30,73.0469970703125,74.30999755859375,72.78800201416016,73.27999877929688,73.19599151611328,40924000,GOOGL
GOOGL,2020-10-01,74.18299865722656,74.75350189208984,73.83999633789062,74.3949966430664,74.3097152709961,32884000,GOOGL
GOOGL,2020-10-02,72.98149871826172,73.95149993896484,72.36750030517578,72.77999877929688,72.69656372070312,31222000,GOOGL
GOOGL,2020-10-05,73.13249969482422,74.23500061035156,73.00450134277344,74.1415023803711,74.05651092529297,21602000,GOOGL
GOOGL,2020-10-06,73.7750015258789,74.22599792480469,72.25050354003906,72.5510025024414,72.46783447265625,26096000,GOOGL
GOOGL,2020-10-07,72.96549987792969,73.44850158691406,71.6614990234375,72.95700073242188,72.87336730957031,36108000,GOOGL
GOOGL,2020-10-08,73.27249908447266,74.40149688720703,73.27249908447266,74.17150115966797,74.08647155761719,26076000,GOOGL
GOOGL,2020-10-09,74.64299774169922,75.59249877929688,74.3499984741211,75.52249908447266,75.43592071533203,32966000,GOOGL
GOOGL,2020-10-12,76.9000015258789,79.4209976196289,76.46499633789062,78.22949981689453,78.13981628417969,55344000,GOOGL
GOOGL,2020-10-13,78.85050201416016,79.25800323486328,77.93150329589844,78.35350036621094,78.26367950439453,39072000,GOOGL
GOOGL,2020-10-14,78.7300033569336,79.19249725341797,77.29499816894531,78.1719970703125,78.08238220214844,33174000,GOOGL
GOOGL,2020-10-15,77.2249984741211,78.56999969482422,77.05650329589844,77.77349853515625,77.68434143066406,31210000,GOOGL
GOOGL,2020-10-16,78.09149932861328,78.885498046875,77.88300323486328,78.38500213623047,78.2951431274414,34194000,GOOGL
GOOGL,2020-10-19,78.79650115966797,79.19650268554688,76.14600372314453,76.49749755859375,76.40980529785156,29734000,GOOGL
GOOGL,2020-10-20,76.15550231933594,78.69200134277344,76.0250015258789,77.55400085449219,77.46509552001953,41670000,GOOGL
GOOGL,2020-10-21,78.49250030517578,80.75700378417969,78.35700225830078,79.29949951171875,79.2085952758789,60322000,GOOGL
GOOGL,2020-10-22,79.25,80.6709976196289,78.8740005493164,80.33300018310547,80.24090576171875,30512000,GOOGL
GOOGL,2020-10-23,80.75250244140625,81.70600128173828,80.59549713134766,81.64900207519531,81.55540466308594,30548000,GOOGL
GOOGL,2020-10-26,80.75,81.47899627685547,78.38899993896484,79.2145004272461,79.12368774414062,35826000,GOOGL
GOOGL,2020-10-27,79.44650268554688,80.0999984741211,78.84950256347656,79.94400024414062,79.85235595703125,25902000,GOOGL
GOOGL,2020-10-28,77.50050354003906,77.69049835205078,75.42400360107422,75.54000091552734,75.45340728759766,45174000,GOOGL
GOOGL,2020-10-29,75.85099792480469,79.43699645996094,75.82749938964844,77.84400177001953,77.7547607421875,55406000,GOOGL
GOOGL,2020-10-30,83.37200164794922,84.06600189208984,80.07849884033203,80.80549621582031,80.71286010742188,99878000,GOOGL
GOOGL,2020-11-02,81.177001953125,82.91200256347656,80.71199798583984,81.21600341796875,81.1229019165039,44228000,GOOGL
GOOGL,2020-11-03,81.53800201416016,82.94999694824219,80.60549926757812,82.28299713134766,82.18866729736328,31432000,GOOGL
GOOGL,2020-11-04,85.27899932861328,88.50150299072266,85.1500015258789,87.2925033569336,87.19243621826172,71342000,GOOGL
GOOGL,2020-11-05,88.52249908447266,89.59100341796875,87.05149841308594,88.125,88.02397918701172,39758000,GOOGL
GOOGL,2020-11-06,87.56700134277344,88.42500305175781,86.83399963378906,87.98650360107422,87.88563537597656,28622000,GOOGL
GOOGL,2020-11-09,89.79900360107422,90.84449768066406,87.87750244140625,88.07099914550781,87.97003936767578,53440000,GOOGL
GOOGL,2020-11-10,86.4885025024414,87.96900177001953,85.80599975585938,86.88600158691406,86.7863998413086,43022000,GOOGL
GOOGL,2020-11-11,87.41999816894531,88.1449966430664,87.15299987792969,87.36150360107422,87.2613525390625,31838000,GOOGL
GOOGL,2020-11-12,87.0999984741211,88.2490005493164,86.89849853515625,87.14099884033203,87.04109954833984,26474000,GOOGL
GOOGL,2020-11-13,87.4000015258789,88.85649871826172,86.79900360107422,88.61299896240234,88.51141357421875,29744000,GOOGL
GOOGL,2020-11-16,88.20700073242188,89.71700286865234,88.06649780273438,88.70149993896484,88.59981536865234,25468000,GOOGL
GOOGL,2020-11-17,88.39299774169922,88.85700225830078,87.97450256347656,88.08300018310547,87.98202514648438,21314000,GOOGL
GOOGL,2020-11-18,87.83200073242188,88.25,86.92849731445312,87.03199768066406,86.9322280883789,20108000,GOOGL
GOOGL,2020-11-19,86.6614990234375,88.17449951171875,86.5009994506836,87.92849731445312,87.82769775390625,20106000,GOOGL
GOOGL,2020-11-20,88.0999984741211,88.41799926757812,86.75,86.81900024414062,86.71947479248047,27694000,GOOGL
GOOGL,2020-11-23,87.01100158691406,87.29949951171875,85.50900268554688,86.37799835205078,86.27897644042969,22530000,GOOGL
GOOGL,2020-11-24,86.375,88.3239974975586,86.0364990234375,88.19499969482422,88.0938949584961,27984000,GOOGL
GOOGL,2020-11-25,88.3905029296875,88.51899719238281,87.41799926757812,88.20649719238281,88.10537719726562,19600000,GOOGL
GOOGL,2020-11-27,88.22699737548828,89.85050201416016,88.22699737548828,89.35099792480469,89.24856567382812,14790000,GOOGL
GOOGL,2020-11-30,88.78250122070312,89.01699829101562,87.39199829101562,87.72000122070312,87.61943817138672,32418000,GOOGL
GOOGL,2020-12-01,88.33300018310547,91.08599853515625,88.15149688720703,89.76799774169922,89.66509246826172,37350000,GOOGL
GOOGL,2020-12-02,89.76799774169922,91.63700103759766,89.25849914550781,91.24849700927734,91.14389038085938,29424000,GOOGL
GOOGL,2020-12-03,91.0270004272461,92.19149780273438,90.8499984741211,91.09200286865234,90.98757934570312,24728000,GOOGL
GOOGL,2020-12-04,91.01100158691406,91.4749984741211,90.67949676513672,91.18800354003906,91.08346557617188,20544000,GOOGL
GOOGL,2020-12-07,90.77749633789062,91.4645004272461,90.1520004272461,90.85150146484375,90.74735260009766,22288000,GOOGL
GOOGL,2020-12-08,90.4260025024414,90.79850006103516,89.56400299072266,90.56649780273438,90.46267700195312,19936000,GOOGL
GOOGL,2020-12-09,90.51799774169922,91.41850280761719,88.0999984741211,88.89299774169922,88.79109191894531,31728000,GOOGL
GOOGL,2020-12-10,88.12999725341797,88.74949645996094,86.67649841308594,88.38249969482422,88.28118133544922,28688000,GOOGL
GOOGL,2020-12-11,88.0,88.8655014038086,87.63700103759766,88.73999786376953,88.63826751708984,18628000,GOOGL
GOOGL,2020-12-14,88.53600311279297,89.48999786376953,87.45649719238281,87.61299896240234,87.51255798339844,33050000,GOOGL
GOOGL,2020-12-15,87.99299621582031,88.19999694824219,87.08350372314453,88.05400085449219,87.95305633544922,21352000,GOOGL
GOOGL,2020-12-16,88.45549774169922,88.45549774169922,87.4530029296875,87.8594970703125,87.75877380371094,24676000,GOOGL
GOOGL,2020-12-17,88.19650268554688,88.33550262451172,86.55750274658203,87.02549743652344,86.92573547363281,34880000,GOOGL
GOOGL,2020-12-18,87.30850219726562,87.41799926757812,85.75,86.31099700927734,86.21205139160156,85256000,GOOGL
GOOGL,2020-12-21,85.45649719238281,86.8499984741211,84.69999694824219,86.72799682617188,86.62857055664062,33974000,GOOGL
GOOGL,2020-12-22,86.46649932861328,86.63050079345703,85.28900146484375,86.01100158691406,85.91239929199219,20370000,GOOGL
GOOGL,2020-12-23,86.19650268554688,87.20549774169922,86.05999755859375,86.4114990234375,86.31243896484375,22974000,GOOGL
GOOGL,2020-12-24,86.44999694824219,87.12049865722656,86.21749877929688,86.70800018310547,86.60859680175781,9312000,GOOGL
GOOGL,2020-12-28,87.24549865722656,89.3499984741211,87.09100341796875,88.697998046875,88.5963134765625,27650000,GOOGL
GOOGL,2020-12-29,89.36150360107422,89.42350006103516,87.75550079345703,87.88800048828125,87.78724670410156,19726000,GOOGL
GOOGL,2020-12-30,88.25,88.38800048828125,86.4000015258789,86.8125,86.71298217773438,21026000,GOOGL
GOOGL,2020-12-31,86.8635025024414,87.875,86.80449676513672,87.63200378417969,87.53154754638672,21070000,GOOGL
